Student_ID,Gender,Attendance,Study_Hours,Assignment_Score,Internal_Marks,Previous_GPA,Participation_High,Participation_Low,Participation_Medium,Internet_Access_No,Internet_Access_Yes,Family_Background_High,Family_Background_Low,Family_Background_Medium,Final_Result_Low,Final_Result_Medium
1,Male,57,4,59,41,5.63,True,False,False,False,True,False,True,False,True,False
2,Female,48,5,78,89,8.63,True,False,False,True,False,True,False,False,False,True
3,Female,64,3,48,53,6.79,False,True,False,True,False,False,False,True,True,False
4,Female,53,5,72,43,5.74,False,False,True,False,True,False,True,False,True,False
5,Female,91,1,74,40,9.17,True,False,False,False,True,False,True,False,True,False
6,Female,87,4,50,96,6.56,True,False,False,False,True,False,False,True,True,False
7,Male,82,2,63,53,8.38,True,False,False,True,False,True,False,False,True,False
8,Male,97,3,55,46,8.27,True,False,False,True,False,False,False,True,True,False
9,Male,48,1,87,92,8.97,False,True,False,False,True,False,False,True,True,False
10,Female,70,5,63,61,7.81,True,False,False,True,False,False,True,False,True,False
11,Female,47,2,65,46,8.38,False,False,True,True,False,False,False,True,True,False
12,Female,43,3,47,42,6.57,False,False,True,True,False,False,True,False,True,False
13,Female,46,3,91,52,6.21,True,False,False,False,True,False,False,True,True,False
14,Female,61,2,68,67,9.03,False,True,False,True,False,False,True,False,True,False
15,Female,89,1,50,61,6.93,True,False,False,True,False,False,False,True,True,False
16,Male,97,2,86,51,9.34,False,True,False,True,False,False,False,True,True,False
17,Female,43,4,72,47,7.99,True,False,False,True,False,False,False,True,True,False
18,Female,44,5,64,53,7.8,False,False,True,False,True,False,False,True,True,False
19,Male,64,4,63,48,5.52,False,False,True,True,False,False,True,False,True,False
20,Male,89,2,95,51,9.27,False,False,True,False,True,True,False,False,True,False
21,Male,57,4,59,41,5.63,True,False,False,False,True,False,True,False,True,False
22,Female,48,5,78,89,8.63,True,False,False,True,False,True,False,False,False,True
23,Female,64,3,48,53,6.79,False,True,False,True,False,False,False,True,True,False
24,Female,53,5,72,43,5.74,False,False,True,False,True,False,True,False,True,False
25,Female,91,1,74,40,9.17,True,False,False,False,True,False,True,False,True,False
26,Female,87,4,50,96,6.56,True,False,False,False,True,False,False,True,True,False
27,Male,82,2,63,53,8.38,True,False,False,True,False,True,False,False,True,False
28,Male,97,3,55,46,8.27,True,False,False,True,False,False,False,True,True,False
29,Male,48,1,87,92,8.97,False,True,False,False,True,False,False,True,True,False
30,Female,70,5,63,61,7.81,True,False,False,True,False,False,True,False,True,False
31,Female,47,2,65,46,8.38,False,False,True,True,False,False,False,True,True,False
32,Female,43,3,47,42,6.57,False,False,True,True,False,False,True,False,True,False
33,Female,46,3,91,52,6.21,True,False,False,False,True,False,False,True,True,False
34,Female,61,2,68,67,9.03,False,True,False,True,False,False,True,False,True,False
35,Female,89,1,50,61,6.93,True,False,False,True,False,False,False,True,True,False
36,Male,97,2,86,51,9.34,False,True,False,True,False,False,False,True,True,False
37,Female,43,4,72,47,7.99,True,False,False,True,False,False,False,True,True,False
38,Female,44,5,64,53,7.8,False,False,True,False,True,False,False,True,True,False
39,Male,64,4,63,48,5.52,False,False,True,True,False,False,True,False,True,False
40,Male,89,2,95,51,9.27,False,False,True,False,True,True,False,False,True,False
41,Male,57,4,59,41,5.63,True,False,False,False,True,False,True,False,True,False
42,Female,48,5,78,89,8.63,True,False,False,True,False,True,False,False,False,True
43,Female,64,3,48,53,6.79,False,True,False,True,False,False,False,True,True,False
44,Female,53,5,72,43,5.74,False,False,True,False,True,False,True,False,True,False
45,Female,91,1,74,40,9.17,True,False,False,False,True,False,True,False,True,False
46,Female,87,4,50,96,6.56,True,False,False,False,True,False,False,True,True,False
47,Male,82,2,63,53,8.38,True,False,False,True,False,True,False,False,True,False
48,Male,97,3,55,46,8.27,True,False,False,True,False,False,False,True,True,False
49,Male,48,1,87,92,8.97,False,True,False,False,True,False,False,True,True,False
50,Female,70,5,63,61,7.81,True,False,False,True,False,False,True,False,True,False
51,Female,47,2,65,46,8.38,False,False,True,True,False,False,False,True,True,False
52,Female,43,3,47,42,6.57,False,False,True,True,False,False,True,False,True,False
53,Female,46,3,91,52,6.21,True,False,False,False,True,False,False,True,True,False
54,Female,61,2,68,67,9.03,False,True,False,True,False,False,True,False,True,False
55,Female,89,1,50,61,6.93,True,False,False,True,False,False,False,True,True,False
56,Male,97,2,86,51,9.34,False,True,False,True,False,False,False,True,True,False
57,Female,43,4,72,47,7.99,True,False,False,True,False,False,False,True,True,False
58,Female,44,5,64,53,7.8,False,False,True,False,True,False,False,True,True,False
59,Male,64,4,63,48,5.52,False,False,True,True,False,False,True,False,True,False
60,Male,89,2,95,51,9.27,False,False,True,False,True,True,False,False,True,False
61,Male,57,4,59,41,5.63,True,False,False,False,True,False,True,False,True,False
62,Female,48,5,78,89,8.63,True,False,False,True,False,True,False,False,False,True
63,Female,64,3,48,53,6.79,False,True,False,True,False,False,False,True,True,False
64,Female,53,5,72,43,5.74,False,False,True,False,True,False,True,False,True,False
65,Female,91,1,74,40,9.17,True,False,False,False,True,False,True,False,True,False
66,Female,87,4,50,96,6.56,True,False,False,False,True,False,False,True,True,False
67,Male,82,2,63,53,8.38,True,False,False,True,False,True,False,False,True,False
68,Male,97,3,55,46,8.27,True,False,False,True,False,False,False,True,True,False
69,Male,48,1,87,92,8.97,False,True,False,False,True,False,False,True,True,False
70,Female,70,5,63,61,7.81,True,False,False,True,False,False,True,False,True,False
71,Female,47,2,65,46,8.38,False,False,True,True,False,False,False,True,True,False
72,Female,43,3,47,42,6.57,False,False,True,True,False,False,True,False,True,False
73,Female,46,3,91,52,6.21,True,False,False,False,True,False,False,True,True,False
74,Female,61,2,68,67,9.03,False,True,False,True,False,False,True,False,True,False
75,Female,89,1,50,61,6.93,True,False,False,True,False,False,False,True,True,False
76,Male,97,2,86,51,9.34,False,True,False,True,False,False,False,True,True,False
77,Female,43,4,72,47,7.99,True,False,False,True,False,False,False,True,True,False
78,Female,44,5,64,53,7.8,False,False,True,False,True,False,False,True,True,False
79,Male,64,4,63,48,5.52,False,False,True,True,False,False,True,False,True,False
80,Male,89,2,95,51,9.27,False,False,True,False,True,True,False,False,True,False
81,Male,57,4,59,41,5.63,True,False,False,False,True,False,True,False,True,False
82,Female,48,5,78,89,8.63,True,False,False,True,False,True,False,False,False,True
83,Female,64,3,48,53,6.79,False,True,False,True,False,False,False,True,True,False
84,Female,53,5,72,43,5.74,False,False,True,False,True,False,True,False,True,False
85,Female,91,1,74,40,9.17,True,False,False,False,True,False,True,False,True,False
86,Female,87,4,50,96,6.56,True,False,False,False,True,False,False,True,True,False
87,Male,82,2,63,53,8.38,True,False,False,True,False,True,False,False,True,False
88,Male,97,3,55,46,8.27,True,False,False,True,False,False,False,True,True,False
89,Male,48,1,87,92,8.97,False,True,False,False,True,False,False,True,True,False
90,Female,70,5,63,61,7.81,True,False,False,True,False,False,True,False,True,False
91,Female,47,2,65,46,8.38,False,False,True,True,False,False,False,True,True,False
92,Female,43,3,47,42,6.57,False,False,True,True,False,False,True,False,True,False
93,Female,46,3,91,52,6.21,True,False,False,False,True,False,False,True,True,False
94,Female,61,2,68,67,9.03,False,True,False,True,False,False,True,False,True,False
95,Female,89,1,50,61,6.93,True,False,False,True,False,False,False,True,True,False
96,Male,97,2,86,51,9.34,False,True,False,True,False,False,False,True,True,False
97,Female,43,4,72,47,7.99,True,False,False,True,False,False,False,True,True,False
98,Female,44,5,64,53,7.8,False,False,True,False,True,False,False,True,True,False
99,Male,64,4,63,48,5.52,False,False,True,True,False,False,True,False,True,False
100,Male,89,2,95,51,9.27,False,False,True,False,True,True,False,False,True,False
101,Male,57,4,59,41,5.63,True,False,False,False,True,False,True,False,True,False
102,Female,48,5,78,89,8.63,True,False,False,True,False,True,False,False,False,True
103,Female,64,3,48,53,6.79,False,True,False,True,False,False,False,True,True,False
104,Female,53,5,72,43,5.74,False,False,True,False,True,False,True,False,True,False
105,Female,91,1,74,40,9.17,True,False,False,False,True,False,True,False,True,False
106,Female,87,4,50,96,6.56,True,False,False,False,True,False,False,True,True,False
107,Male,82,2,63,53,8.38,True,False,False,True,False,True,False,False,True,False
108,Male,97,3,55,46,8.27,True,False,False,True,False,False,False,True,True,False
109,Male,48,1,87,92,8.97,False,True,False,False,True,False,False,True,True,False
110,Female,70,5,63,61,7.81,True,False,False,True,False,False,True,False,True,False
111,Female,47,2,65,46,8.38,False,False,True,True,False,False,False,True,True,False
112,Female,43,3,47,42,6.57,False,False,True,True,False,False,True,False,True,False
113,Female,46,3,91,52,6.21,True,False,False,False,True,False,False,True,True,False
114,Female,61,2,68,67,9.03,False,True,False,True,False,False,True,False,True,False
115,Female,89,1,50,61,6.93,True,False,False,True,False,False,False,True,True,False
116,Male,97,2,86,51,9.34,False,True,False,True,False,False,False,True,True,False
117,Female,43,4,72,47,7.99,True,False,False,True,False,False,False,True,True,False
118,Female,44,5,64,53,7.8,False,False,True,False,True,False,False,True,True,False
119,Male,64,4,63,48,5.52,False,False,True,True,False,False,True,False,True,False
120,Male,89,2,95,51,9.27,False,False,True,False,True,True,False,False,True,False
121,Male,57,4,59,41,5.63,True,False,False,False,True,False,True,False,True,False
122,Female,48,5,78,89,8.63,True,False,False,True,False,True,False,False,False,True
123,Female,64,3,48,53,6.79,False,True,False,True,False,False,False,True,True,False
124,Female,53,5,72,43,5.74,False,False,True,False,True,False,True,False,True,False
125,Female,91,1,74,40,9.17,True,False,False,False,True,False,True,False,True,False
126,Female,87,4,50,96,6.56,True,False,False,False,True,False,False,True,True,False
127,Male,82,2,63,53,8.38,True,False,False,True,False,True,False,False,True,False
128,Male,97,3,55,46,8.27,True,False,False,True,False,False,False,True,True,False
129,Male,48,1,87,92,8.97,False,True,False,False,True,False,False,True,True,False
130,Female,70,5,63,61,7.81,True,False,False,True,False,False,True,False,True,False
131,Female,47,2,65,46,8.38,False,False,True,True,False,False,False,True,True,False
132,Female,43,3,47,42,6.57,False,False,True,True,False,False,True,False,True,False
133,Female,46,3,91,52,6.21,True,False,False,False,True,False,False,True,True,False
134,Female,61,2,68,67,9.03,False,True,False,True,False,False,True,False,True,False
135,Female,89,1,50,61,6.93,True,False,False,True,False,False,False,True,True,False
136,Male,97,2,86,51,9.34,False,True,False,True,False,False,False,True,True,False
137,Female,43,4,72,47,7.99,True,False,False,True,False,False,False,True,True,False
138,Female,44,5,64,53,7.8,False,False,True,False,True,False,False,True,True,False
139,Male,64,4,63,48,5.52,False,False,True,True,False,False,True,False,True,False
140,Male,89,2,95,51,9.27,False,False,True,False,True,True,False,False,True,False
141,Male,57,4,59,41,5.63,True,False,False,False,True,False,True,False,True,False
142,Female,48,5,78,89,8.63,True,False,False,True,False,True,False,False,False,True
143,Female,64,3,48,53,6.79,False,True,False,True,False,False,False,True,True,False
144,Female,53,5,72,43,5.74,False,False,True,False,True,False,True,False,True,False
145,Female,91,1,74,40,9.17,True,False,False,False,True,False,True,False,True,False
146,Female,87,4,50,96,6.56,True,False,False,False,True,False,False,True,True,False
147,Male,82,2,63,53,8.38,True,False,False,True,False,True,False,False,True,False
148,Male,97,3,55,46,8.27,True,False,False,True,False,False,False,True,True,False
149,Male,48,1,87,92,8.97,False,True,False,False,True,False,False,True,True,False
150,Female,70,5,63,61,7.81,True,False,False,True,False,False,True,False,True,False
151,Female,47,2,65,46,8.38,False,False,True,True,False,False,False,True,True,False
152,Female,43,3,47,42,6.57,False,False,True,True,False,False,True,False,True,False
153,Female,46,3,91,52,6.21,True,False,False,False,True,False,False,True,True,False
154,Female,61,2,68,67,9.03,False,True,False,True,False,False,True,False,True,False
155,Female,89,1,50,61,6.93,True,False,False,True,False,False,False,True,True,False
156,Male,97,2,86,51,9.34,False,True,False,True,False,False,False,True,True,False
157,Female,43,4,72,47,7.99,True,False,False,True,False,False,False,True,True,False
158,Female,44,5,64,53,7.8,False,False,True,False,True,False,False,True,True,False
159,Male,64,4,63,48,5.52,False,False,True,True,False,False,True,False,True,False
160,Male,89,2,95,51,9.27,False,False,True,False,True,True,False,False,True,False
161,Male,57,4,59,41,5.63,True,False,False,False,True,False,True,False,True,False
162,Female,48,5,78,89,8.63,True,False,False,True,False,True,False,False,False,True
163,Female,64,3,48,53,6.79,False,True,False,True,False,False,False,True,True,False
164,Female,53,5,72,43,5.74,False,False,True,False,True,False,True,False,True,False
165,Female,91,1,74,40,9.17,True,False,False,False,True,False,True,False,True,False
166,Female,87,4,50,96,6.56,True,False,False,False,True,False,False,True,True,False
167,Male,82,2,63,53,8.38,True,False,False,True,False,True,False,False,True,False
168,Male,97,3,55,46,8.27,True,False,False,True,False,False,False,True,True,False
169,Male,48,1,87,92,8.97,False,True,False,False,True,False,False,True,True,False
170,Female,70,5,63,61,7.81,True,False,False,True,False,False,True,False,True,False
171,Female,47,2,65,46,8.38,False,False,True,True,False,False,False,True,True,False
172,Female,43,3,47,42,6.57,False,False,True,True,False,False,True,False,True,False
173,Female,46,3,91,52,6.21,True,False,False,False,True,False,False,True,True,False
174,Female,61,2,68,67,9.03,False,True,False,True,False,False,True,False,True,False
175,Female,89,1,50,61,6.93,True,False,False,True,False,False,False,True,True,False
176,Male,97,2,86,51,9.34,False,True,False,True,False,False,False,True,True,False
177,Female,43,4,72,47,7.99,True,False,False,True,False,False,False,True,True,False
178,Female,44,5,64,53,7.8,False,False,True,False,True,False,False,True,True,False
179,Male,64,4,63,48,5.52,False,False,True,True,False,False,True,False,True,False
180,Male,89,2,95,51,9.27,False,False,True,False,True,True,False,False,True,False
181,Male,57,4,59,41,5.63,True,False,False,False,True,False,True,False,True,False
182,Female,48,5,78,89,8.63,True,False,False,True,False,True,False,False,False,True
183,Female,64,3,48,53,6.79,False,True,False,True,False,False,False,True,True,False
184,Female,53,5,72,43,5.74,False,False,True,False,True,False,True,False,True,False
185,Female,91,1,74,40,9.17,True,False,False,False,True,False,True,False,True,False
186,Female,87,4,50,96,6.56,True,False,False,False,True,False,False,True,True,False
187,Male,82,2,63,53,8.38,True,False,False,True,False,True,False,False,True,False
188,Male,97,3,55,46,8.27,True,False,False,True,False,False,False,True,True,False
189,Male,48,1,87,92,8.97,False,True,False,False,True,False,False,True,True,False
190,Female,70,5,63,61,7.81,True,False,False,True,False,False,True,False,True,False
191,Female,47,2,65,46,8.38,False,False,True,True,False,False,False,True,True,False
192,Female,43,3,47,42,6.57,False,False,True,True,False,False,True,False,True,False
193,Female,46,3,91,52,6.21,True,False,False,False,True,False,False,True,True,False
194,Female,61,2,68,67,9.03,False,True,False,True,False,False,True,False,True,False
195,Female,89,1,50,61,6.93,True,False,False,True,False,False,False,True,True,False
196,Male,97,2,86,51,9.34,False,True,False,True,False,False,False,True,True,False
197,Female,43,4,72,47,7.99,True,False,False,True,False,False,False,True,True,False
198,Female,44,5,64,53,7.8,False,False,True,False,True,False,False,True,True,False
199,Male,64,4,63,48,5.52,False,False,True,True,False,False,True,False,True,False
200,Male,89,2,95,51,9.27,False,False,True,False,True,True,False,False,True,False
201,Male,57,4,59,41,5.63,True,False,False,False,True,False,True,False,True,False
202,Female,48,5,78,89,8.63,True,False,False,True,False,True,False,False,False,True
203,Female,64,3,48,53,6.79,False,True,False,True,False,False,False,True,True,False
204,Female,53,5,72,43,5.74,False,False,True,False,True,False,True,False,True,False
205,Female,91,1,74,40,9.17,True,False,False,False,True,False,True,False,True,False
206,Female,87,4,50,96,6.56,True,False,False,False,True,False,False,True,True,False
207,Male,82,2,63,53,8.38,True,False,False,True,False,True,False,False,True,False
208,Male,97,3,55,46,8.27,True,False,False,True,False,False,False,True,True,False
209,Male,48,1,87,92,8.97,False,True,False,False,True,False,False,True,True,False
210,Female,70,5,63,61,7.81,True,False,False,True,False,False,True,False,True,False
211,Female,47,2,65,46,8.38,False,False,True,True,False,False,False,True,True,False
212,Female,43,3,47,42,6.57,False,False,True,True,False,False,True,False,True,False
213,Female,46,3,91,52,6.21,True,False,False,False,True,False,False,True,True,False
214,Female,61,2,68,67,9.03,False,True,False,True,False,False,True,False,True,False
215,Female,89,1,50,61,6.93,True,False,False,True,False,False,False,True,True,False
216,Male,97,2,86,51,9.34,False,True,False,True,False,False,False,True,True,False
217,Female,43,4,72,47,7.99,True,False,False,True,False,False,False,True,True,False
218,Female,44,5,64,53,7.8,False,False,True,False,True,False,False,True,True,False
219,Male,64,4,63,48,5.52,False,False,True,True,False,False,True,False,True,False
220,Male,89,2,95,51,9.27,False,False,True,False,True,True,False,False,True,False
221,Male,57,4,59,41,5.63,True,False,False,False,True,False,True,False,True,False
222,Female,48,5,78,89,8.63,True,False,False,True,False,True,False,False,False,True
223,Female,64,3,48,53,6.79,False,True,False,True,False,False,False,True,True,False
224,Female,53,5,72,43,5.74,False,False,True,False,True,False,True,False,True,False
225,Female,91,1,74,40,9.17,True,False,False,False,True,False,True,False,True,False
226,Female,87,4,50,96,6.56,True,False,False,False,True,False,False,True,True,False
227,Male,82,2,63,53,8.38,True,False,False,True,False,True,False,False,True,False
228,Male,97,3,55,46,8.27,True,False,False,True,False,False,False,True,True,False
229,Male,48,1,87,92,8.97,False,True,False,False,True,False,False,True,True,False
230,Female,70,5,63,61,7.81,True,False,False,True,False,False,True,False,True,False
231,Female,47,2,65,46,8.38,False,False,True,True,False,False,False,True,True,False
232,Female,43,3,47,42,6.57,False,False,True,True,False,False,True,False,True,False
233,Female,46,3,91,52,6.21,True,False,False,False,True,False,False,True,True,False
234,Female,61,2,68,67,9.03,False,True,False,True,False,False,True,False,True,False
235,Female,89,1,50,61,6.93,True,False,False,True,False,False,False,True,True,False
236,Male,97,2,86,51,9.34,False,True,False,True,False,False,False,True,True,False
237,Female,43,4,72,47,7.99,True,False,False,True,False,False,False,True,True,False
238,Female,44,5,64,53,7.8,False,False,True,False,True,False,False,True,True,False
239,Male,64,4,63,48,5.52,False,False,True,True,False,False,True,False,True,False
240,Male,89,2,95,51,9.27,False,False,True,False,True,True,False,False,True,False
241,Male,57,4,59,41,5.63,True,False,False,False,True,False,True,False,True,False
242,Female,48,5,78,89,8.63,True,False,False,True,False,True,False,False,False,True
243,Female,64,3,48,53,6.79,False,True,False,True,False,False,False,True,True,False
244,Female,53,5,72,43,5.74,False,False,True,False,True,False,True,False,True,False
245,Female,91,1,74,40,9.17,True,False,False,False,True,False,True,False,True,False
246,Female,87,4,50,96,6.56,True,False,False,False,True,False,False,True,True,False
247,Male,82,2,63,53,8.38,True,False,False,True,False,True,False,False,True,False
248,Male,97,3,55,46,8.27,True,False,False,True,False,False,False,True,True,False
249,Male,48,1,87,92,8.97,False,True,False,False,True,False,False,True,True,False
250,Female,70,5,63,61,7.81,True,False,False,True,False,False,True,False,True,False
251,Female,47,2,65,46,8.38,False,False,True,True,False,False,False,True,True,False
252,Female,43,3,47,42,6.57,False,False,True,True,False,False,True,False,True,False
253,Female,46,3,91,52,6.21,True,False,False,False,True,False,False,True,True,False
254,Female,61,2,68,67,9.03,False,True,False,True,False,False,True,False,True,False
255,Female,89,1,50,61,6.93,True,False,False,True,False,False,False,True,True,False
256,Male,97,2,86,51,9.34,False,True,False,True,False,False,False,True,True,False
257,Female,43,4,72,47,7.99,True,False,False,True,False,False,False,True,True,False
258,Female,44,5,64,53,7.8,False,False,True,False,True,False,False,True,True,False
259,Male,64,4,63,48,5.52,False,False,True,True,False,False,True,False,True,False
260,Male,89,2,95,51,9.27,False,False,True,False,True,True,False,False,True,False
261,Male,57,4,59,41,5.63,True,False,False,False,True,False,True,False,True,False
262,Female,48,5,78,89,8.63,True,False,False,True,False,True,False,False,False,True
263,Female,64,3,48,53,6.79,False,True,False,True,False,False,False,True,True,False
264,Female,53,5,72,43,5.74,False,False,True,False,True,False,True,False,True,False
265,Female,91,1,74,40,9.17,True,False,False,False,True,False,True,False,True,False
266,Female,87,4,50,96,6.56,True,False,False,False,True,False,False,True,True,False
267,Male,82,2,63,53,8.38,True,False,False,True,False,True,False,False,True,False
268,Male,97,3,55,46,8.27,True,False,False,True,False,False,False,True,True,False
269,Male,48,1,87,92,8.97,False,True,False,False,True,False,False,True,True,False
270,Female,70,5,63,61,7.81,True,False,False,True,False,False,True,False,True,False
271,Female,47,2,65,46,8.38,False,False,True,True,False,False,False,True,True,False
272,Female,43,3,47,42,6.57,False,False,True,True,False,False,True,False,True,False
273,Female,46,3,91,52,6.21,True,False,False,False,True,False,False,True,True,False
274,Female,61,2,68,67,9.03,False,True,False,True,False,False,True,False,True,False
275,Female,89,1,50,61,6.93,True,False,False,True,False,False,False,True,True,False
276,Male,97,2,86,51,9.34,False,True,False,True,False,False,False,True,True,False
277,Female,43,4,72,47,7.99,True,False,False,True,False,False,False,True,True,False
278,Female,44,5,64,53,7.8,False,False,True,False,True,False,False,True,True,False
279,Male,64,4,63,48,5.52,False,False,True,True,False,False,True,False,True,False
280,Male,89,2,95,51,9.27,False,False,True,False,True,True,False,False,True,False
281,Male,57,4,59,41,5.63,True,False,False,False,True,False,True,False,True,False
282,Female,48,5,78,89,8.63,True,False,False,True,False,True,False,False,False,True
283,Female,64,3,48,53,6.79,False,True,False,True,False,False,False,True,True,False
284,Female,53,5,72,43,5.74,False,False,True,False,True,False,True,False,True,False
285,Female,91,1,74,40,9.17,True,False,False,False,True,False,True,False,True,False
286,Female,87,4,50,96,6.56,True,False,False,False,True,False,False,True,True,False
287,Male,82,2,63,53,8.38,True,False,False,True,False,True,False,False,True,False
288,Male,97,3,55,46,8.27,True,False,False,True,False,False,False,True,True,False
289,Male,48,1,87,92,8.97,False,True,False,False,True,False,False,True,True,False
290,Female,70,5,63,61,7.81,True,False,False,True,False,False,True,False,True,False
291,Female,47,2,65,46,8.38,False,False,True,True,False,False,False,True,True,False
292,Female,43,3,47,42,6.57,False,False,True,True,False,False,True,False,True,False
293,Female,46,3,91,52,6.21,True,False,False,False,True,False,False,True,True,False
294,Female,61,2,68,67,9.03,False,True,False,True,False,False,True,False,True,False
295,Female,89,1,50,61,6.93,True,False,False,True,False,False,False,True,True,False
296,Male,97,2,86,51,9.34,False,True,False,True,False,False,False,True,True,False
297,Female,43,4,72,47,7.99,True,False,False,True,False,False,False,True,True,False
298,Female,44,5,64,53,7.8,False,False,True,False,True,False,False,True,True,False
299,Male,64,4,63,48,5.52,False,False,True,True,False,False,True,False,True,False
300,Male,89,2,95,51,9.27,False,False,True,False,True,True,False,False,True,False
301,Male,57,4,59,41,5.63,True,False,False,False,True,False,True,False,True,False
302,Female,48,5,78,89,8.63,True,False,False,True,False,True,False,False,False,True
303,Female,64,3,48,53,6.79,False,True,False,True,False,False,False,True,True,False
304,Female,53,5,72,43,5.74,False,False,True,False,True,False,True,False,True,False
305,Female,91,1,74,40,9.17,True,False,False,False,True,False,True,False,True,False
306,Female,87,4,50,96,6.56,True,False,False,False,True,False,False,True,True,False
307,Male,82,2,63,53,8.38,True,False,False,True,False,True,False,False,True,False
308,Male,97,3,55,46,8.27,True,False,False,True,False,False,False,True,True,False
309,Male,48,1,87,92,8.97,False,True,False,False,True,False,False,True,True,False
310,Female,70,5,63,61,7.81,True,False,False,True,False,False,True,False,True,False
311,Female,47,2,65,46,8.38,False,False,True,True,False,False,False,True,True,False
312,Female,43,3,47,42,6.57,False,False,True,True,False,False,True,False,True,False
313,Female,46,3,91,52,6.21,True,False,False,False,True,False,False,True,True,False
314,Female,61,2,68,67,9.03,False,True,False,True,False,False,True,False,True,False
315,Female,89,1,50,61,6.93,True,False,False,True,False,False,False,True,True,False
316,Male,97,2,86,51,9.34,False,True,False,True,False,False,False,True,True,False
317,Female,43,4,72,47,7.99,True,False,False,True,False,False,False,True,True,False
318,Female,44,5,64,53,7.8,False,False,True,False,True,False,False,True,True,False
319,Male,64,4,63,48,5.52,False,False,True,True,False,False,True,False,True,False
320,Male,89,2,95,51,9.27,False,False,True,False,True,True,False,False,True,False
321,Male,57,4,59,41,5.63,True,False,False,False,True,False,True,False,True,False
322,Female,48,5,78,89,8.63,True,False,False,True,False,True,False,False,False,True
323,Female,64,3,48,53,6.79,False,True,False,True,False,False,False,True,True,False
324,Female,53,5,72,43,5.74,False,False,True,False,True,False,True,False,True,False
325,Female,91,1,74,40,9.17,True,False,False,False,True,False,True,False,True,False
326,Female,87,4,50,96,6.56,True,False,False,False,True,False,False,True,True,False
327,Male,82,2,63,53,8.38,True,False,False,True,False,True,False,False,True,False
328,Male,97,3,55,46,8.27,True,False,False,True,False,False,False,True,True,False
329,Male,48,1,87,92,8.97,False,True,False,False,True,False,False,True,True,False
330,Female,70,5,63,61,7.81,True,False,False,True,False,False,True,False,True,False
331,Female,47,2,65,46,8.38,False,False,True,True,False,False,False,True,True,False
332,Female,43,3,47,42,6.57,False,False,True,True,False,False,True,False,True,False
333,Female,46,3,91,52,6.21,True,False,False,False,True,False,False,True,True,False
334,Female,61,2,68,67,9.03,False,True,False,True,False,False,True,False,True,False
335,Female,89,1,50,61,6.93,True,False,False,True,False,False,False,True,True,False
336,Male,97,2,86,51,9.34,False,True,False,True,False,False,False,True,True,False
337,Female,43,4,72,47,7.99,True,False,False,True,False,False,False,True,True,False
338,Female,44,5,64,53,7.8,False,False,True,False,True,False,False,True,True,False
339,Male,64,4,63,48,5.52,False,False,True,True,False,False,True,False,True,False
340,Male,89,2,95,51,9.27,False,False,True,False,True,True,False,False,True,False
341,Male,57,4,59,41,5.63,True,False,False,False,True,False,True,False,True,False
342,Female,48,5,78,89,8.63,True,False,False,True,False,True,False,False,False,True
343,Female,64,3,48,53,6.79,False,True,False,True,False,False,False,True,True,False
344,Female,53,5,72,43,5.74,False,False,True,False,True,False,True,False,True,False
345,Female,91,1,74,40,9.17,True,False,False,False,True,False,True,False,True,False
346,Female,87,4,50,96,6.56,True,False,False,False,True,False,False,True,True,False
347,Male,82,2,63,53,8.38,True,False,False,True,False,True,False,False,True,False
348,Male,97,3,55,46,8.27,True,False,False,True,False,False,False,True,True,False
349,Male,48,1,87,92,8.97,False,True,False,False,True,False,False,True,True,False
350,Female,70,5,63,61,7.81,True,False,False,True,False,False,True,False,True,False
351,Female,47,2,65,46,8.38,False,False,True,True,False,False,False,True,True,False
352,Female,43,3,47,42,6.57,False,False,True,True,False,False,True,False,True,False
353,Female,46,3,91,52,6.21,True,False,False,False,True,False,False,True,True,False
354,Female,61,2,68,67,9.03,False,True,False,True,False,False,True,False,True,False
355,Female,89,1,50,61,6.93,True,False,False,True,False,False,False,True,True,False
356,Male,97,2,86,51,9.34,False,True,False,True,False,False,False,True,True,False
357,Female,43,4,72,47,7.99,True,False,False,True,False,False,False,True,True,False
358,Female,44,5,64,53,7.8,False,False,True,False,True,False,False,True,True,False
359,Male,64,4,63,48,5.52,False,False,True,True,False,False,True,False,True,False
360,Male,89,2,95,51,9.27,False,False,True,False,True,True,False,False,True,False
361,Male,57,4,59,41,5.63,True,False,False,False,True,False,True,False,True,False
362,Female,48,5,78,89,8.63,True,False,False,True,False,True,False,False,False,True
363,Female,64,3,48,53,6.79,False,True,False,True,False,False,False,True,True,False
364,Female,53,5,72,43,5.74,False,False,True,False,True,False,True,False,True,False
365,Female,91,1,74,40,9.17,True,False,False,False,True,False,True,False,True,False
366,Female,87,4,50,96,6.56,True,False,False,False,True,False,False,True,True,False
367,Male,82,2,63,53,8.38,True,False,False,True,False,True,False,False,True,False
368,Male,97,3,55,46,8.27,True,False,False,True,False,False,False,True,True,False
369,Male,48,1,87,92,8.97,False,True,False,False,True,False,False,True,True,False
370,Female,70,5,63,61,7.81,True,False,False,True,False,False,True,False,True,False
371,Female,47,2,65,46,8.38,False,False,True,True,False,False,False,True,True,False
372,Female,43,3,47,42,6.57,False,False,True,True,False,False,True,False,True,False
373,Female,46,3,91,52,6.21,True,False,False,False,True,False,False,True,True,False
374,Female,61,2,68,67,9.03,False,True,False,True,False,False,True,False,True,False
375,Female,89,1,50,61,6.93,True,False,False,True,False,False,False,True,True,False
376,Male,97,2,86,51,9.34,False,True,False,True,False,False,False,True,True,False
377,Female,43,4,72,47,7.99,True,False,False,True,False,False,False,True,True,False
378,Female,44,5,64,53,7.8,False,False,True,False,True,False,False,True,True,False
379,Male,64,4,63,48,5.52,False,False,True,True,False,False,True,False,True,False
380,Male,89,2,95,51,9.27,False,False,True,False,True,True,False,False,True,False
381,Male,57,4,59,41,5.63,True,False,False,False,True,False,True,False,True,False
382,Female,48,5,78,89,8.63,True,False,False,True,False,True,False,False,False,True
383,Female,64,3,48,53,6.79,False,True,False,True,False,False,False,True,True,False
384,Female,53,5,72,43,5.74,False,False,True,False,True,False,True,False,True,False
385,Female,91,1,74,40,9.17,True,False,False,False,True,False,True,False,True,False
386,Female,87,4,50,96,6.56,True,False,False,False,True,False,False,True,True,False
387,Male,82,2,63,53,8.38,True,False,False,True,False,True,False,False,True,False
388,Male,97,3,55,46,8.27,True,False,False,True,False,False,False,True,True,False
389,Male,48,1,87,92,8.97,False,True,False,False,True,False,False,True,True,False
390,Female,70,5,63,61,7.81,True,False,False,True,False,False,True,False,True,False
391,Female,47,2,65,46,8.38,False,False,True,True,False,False,False,True,True,False
392,Female,43,3,47,42,6.57,False,False,True,True,False,False,True,False,True,False
393,Female,46,3,91,52,6.21,True,False,False,False,True,False,False,True,True,False
394,Female,61,2,68,67,9.03,False,True,False,True,False,False,True,False,True,False
395,Female,89,1,50,61,6.93,True,False,False,True,False,False,False,True,True,False
396,Male,97,2,86,51,9.34,False,True,False,True,False,False,False,True,True,False
397,Female,43,4,72,47,7.99,True,False,False,True,False,False,False,True,True,False
398,Female,44,5,64,53,7.8,False,False,True,False,True,False,False,True,True,False
399,Male,64,4,63,48,5.52,False,False,True,True,False,False,True,False,True,False
400,Male,89,2,95,51,9.27,False,False,True,False,True,True,False,False,True,False
401,Male,57,4,59,41,5.63,True,False,False,False,True,False,True,False,True,False
402,Female,48,5,78,89,8.63,True,False,False,True,False,True,False,False,False,True
403,Female,64,3,48,53,6.79,False,True,False,True,False,False,False,True,True,False
404,Female,53,5,72,43,5.74,False,False,True,False,True,False,True,False,True,False
405,Female,91,1,74,40,9.17,True,False,False,False,True,False,True,False,True,False
406,Female,87,4,50,96,6.56,True,False,False,False,True,False,False,True,True,False
407,Male,82,2,63,53,8.38,True,False,False,True,False,True,False,False,True,False
408,Male,97,3,55,46,8.27,True,False,False,True,False,False,False,True,True,False
409,Male,48,1,87,92,8.97,False,True,False,False,True,False,False,True,True,False
410,Female,70,5,63,61,7.81,True,False,False,True,False,False,True,False,True,False
411,Female,47,2,65,46,8.38,False,False,True,True,False,False,False,True,True,False
412,Female,43,3,47,42,6.57,False,False,True,True,False,False,True,False,True,False
413,Female,46,3,91,52,6.21,True,False,False,False,True,False,False,True,True,False
414,Female,61,2,68,67,9.03,False,True,False,True,False,False,True,False,True,False
415,Female,89,1,50,61,6.93,True,False,False,True,False,False,False,True,True,False
416,Male,97,2,86,51,9.34,False,True,False,True,False,False,False,True,True,False
417,Female,43,4,72,47,7.99,True,False,False,True,False,False,False,True,True,False
418,Female,44,5,64,53,7.8,False,False,True,False,True,False,False,True,True,False
419,Male,64,4,63,48,5.52,False,False,True,True,False,False,True,False,True,False
420,Male,89,2,95,51,9.27,False,False,True,False,True,True,False,False,True,False
421,Male,57,4,59,41,5.63,True,False,False,False,True,False,True,False,True,False
422,Female,48,5,78,89,8.63,True,False,False,True,False,True,False,False,False,True
423,Female,64,3,48,53,6.79,False,True,False,True,False,False,False,True,True,False
424,Female,53,5,72,43,5.74,False,False,True,False,True,False,True,False,True,False
425,Female,91,1,74,40,9.17,True,False,False,False,True,False,True,False,True,False
426,Female,87,4,50,96,6.56,True,False,False,False,True,False,False,True,True,False
427,Male,82,2,63,53,8.38,True,False,False,True,False,True,False,False,True,False
428,Male,97,3,55,46,8.27,True,False,False,True,False,False,False,True,True,False
429,Male,48,1,87,92,8.97,False,True,False,False,True,False,False,True,True,False
430,Female,70,5,63,61,7.81,True,False,False,True,False,False,True,False,True,False
431,Female,47,2,65,46,8.38,False,False,True,True,False,False,False,True,True,False
432,Female,43,3,47,42,6.57,False,False,True,True,False,False,True,False,True,False
433,Female,46,3,91,52,6.21,True,False,False,False,True,False,False,True,True,False
434,Female,61,2,68,67,9.03,False,True,False,True,False,False,True,False,True,False
435,Female,89,1,50,61,6.93,True,False,False,True,False,False,False,True,True,False
436,Male,97,2,86,51,9.34,False,True,False,True,False,False,False,True,True,False
437,Female,43,4,72,47,7.99,True,False,False,True,False,False,False,True,True,False
438,Female,44,5,64,53,7.8,False,False,True,False,True,False,False,True,True,False
439,Male,64,4,63,48,5.52,False,False,True,True,False,False,True,False,True,False
440,Male,89,2,95,51,9.27,False,False,True,False,True,True,False,False,True,False
441,Male,57,4,59,41,5.63,True,False,False,False,True,False,True,False,True,False
442,Female,48,5,78,89,8.63,True,False,False,True,False,True,False,False,False,True
443,Female,64,3,48,53,6.79,False,True,False,True,False,False,False,True,True,False
444,Female,53,5,72,43,5.74,False,False,True,False,True,False,True,False,True,False
445,Female,91,1,74,40,9.17,True,False,False,False,True,False,True,False,True,False
446,Female,87,4,50,96,6.56,True,False,False,False,True,False,False,True,True,False
447,Male,82,2,63,53,8.38,True,False,False,True,False,True,False,False,True,False
448,Male,97,3,55,46,8.27,True,False,False,True,False,False,False,True,True,False
449,Male,48,1,87,92,8.97,False,True,False,False,True,False,False,True,True,False
450,Female,70,5,63,61,7.81,True,False,False,True,False,False,True,False,True,False
451,Female,47,2,65,46,8.38,False,False,True,True,False,False,False,True,True,False
452,Female,43,3,47,42,6.57,False,False,True,True,False,False,True,False,True,False
453,Female,46,3,91,52,6.21,True,False,False,False,True,False,False,True,True,False
454,Female,61,2,68,67,9.03,False,True,False,True,False,False,True,False,True,False
455,Female,89,1,50,61,6.93,True,False,False,True,False,False,False,True,True,False
456,Male,97,2,86,51,9.34,False,True,False,True,False,False,False,True,True,False
457,Female,43,4,72,47,7.99,True,False,False,True,False,False,False,True,True,False
458,Female,44,5,64,53,7.8,False,False,True,False,True,False,False,True,True,False
459,Male,64,4,63,48,5.52,False,False,True,True,False,False,True,False,True,False
460,Male,89,2,95,51,9.27,False,False,True,False,True,True,False,False,True,False
461,Male,57,4,59,41,5.63,True,False,False,False,True,False,True,False,True,False
462,Female,48,5,78,89,8.63,True,False,False,True,False,True,False,False,False,True
463,Female,64,3,48,53,6.79,False,True,False,True,False,False,False,True,True,False
464,Female,53,5,72,43,5.74,False,False,True,False,True,False,True,False,True,False
465,Female,91,1,74,40,9.17,True,False,False,False,True,False,True,False,True,False
466,Female,87,4,50,96,6.56,True,False,False,False,True,False,False,True,True,False
467,Male,82,2,63,53,8.38,True,False,False,True,False,True,False,False,True,False
468,Male,97,3,55,46,8.27,True,False,False,True,False,False,False,True,True,False
469,Male,48,1,87,92,8.97,False,True,False,False,True,False,False,True,True,False
470,Female,70,5,63,61,7.81,True,False,False,True,False,False,True,False,True,False
471,Female,47,2,65,46,8.38,False,False,True,True,False,False,False,True,True,False
472,Female,43,3,47,42,6.57,False,False,True,True,False,False,True,False,True,False
473,Female,46,3,91,52,6.21,True,False,False,False,True,False,False,True,True,False
474,Female,61,2,68,67,9.03,False,True,False,True,False,False,True,False,True,False
475,Female,89,1,50,61,6.93,True,False,False,True,False,False,False,True,True,False
476,Male,97,2,86,51,9.34,False,True,False,True,False,False,False,True,True,False
477,Female,43,4,72,47,7.99,True,False,False,True,False,False,False,True,True,False
478,Female,44,5,64,53,7.8,False,False,True,False,True,False,False,True,True,False
479,Male,64,4,63,48,5.52,False,False,True,True,False,False,True,False,True,False
480,Male,89,2,95,51,9.27,False,False,True,False,True,True,False,False,True,False
481,Male,57,4,59,41,5.63,True,False,False,False,True,False,True,False,True,False
482,Female,48,5,78,89,8.63,True,False,False,True,False,True,False,False,False,True
483,Female,64,3,48,53,6.79,False,True,False,True,False,False,False,True,True,False
484,Female,53,5,72,43,5.74,False,False,True,False,True,False,True,False,True,False
485,Female,91,1,74,40,9.17,True,False,False,False,True,False,True,False,True,False
486,Female,87,4,50,96,6.56,True,False,False,False,True,False,False,True,True,False
487,Male,82,2,63,53,8.38,True,False,False,True,False,True,False,False,True,False
488,Male,97,3,55,46,8.27,True,False,False,True,False,False,False,True,True,False
489,Male,48,1,87,92,8.97,False,True,False,False,True,False,False,True,True,False
490,Female,70,5,63,61,7.81,True,False,False,True,False,False,True,False,True,False
491,Female,47,2,65,46,8.38,False,False,True,True,False,False,False,True,True,False
492,Female,43,3,47,42,6.57,False,False,True,True,False,False,True,False,True,False
493,Female,46,3,91,52,6.21,True,False,False,False,True,False,False,True,True,False
494,Female,61,2,68,67,9.03,False,True,False,True,False,False,True,False,True,False
495,Female,89,1,50,61,6.93,True,False,False,True,False,False,False,True,True,False
496,Male,97,2,86,51,9.34,False,True,False,True,False,False,False,True,True,False
497,Female,43,4,72,47,7.99,True,False,False,True,False,False,False,True,True,False
498,Female,44,5,64,53,7.8,False,False,True,False,True,False,False,True,True,False
499,Male,64,4,63,48,5.52,False,False,True,True,False,False,True,False,True,False
500,Male,89,2,95,51,9.27,False,False,True,False,True,True,False,False,True,False
501,Male,57,4,59,41,5.63,True,False,False,False,True,False,True,False,True,False
502,Female,48,5,78,89,8.63,True,False,False,True,False,True,False,False,False,True
503,Female,64,3,48,53,6.79,False,True,False,True,False,False,False,True,True,False
504,Female,53,5,72,43,5.74,False,False,True,False,True,False,True,False,True,False
505,Female,91,1,74,40,9.17,True,False,False,False,True,False,True,False,True,False
506,Female,87,4,50,96,6.56,True,False,False,False,True,False,False,True,True,False
507,Male,82,2,63,53,8.38,True,False,False,True,False,True,False,False,True,False
508,Male,97,3,55,46,8.27,True,False,False,True,False,False,False,True,True,False
509,Male,48,1,87,92,8.97,False,True,False,False,True,False,False,True,True,False
510,Female,70,5,63,61,7.81,True,False,False,True,False,False,True,False,True,False
511,Female,47,2,65,46,8.38,False,False,True,True,False,False,False,True,True,False
512,Female,43,3,47,42,6.57,False,False,True,True,False,False,True,False,True,False
513,Female,46,3,91,52,6.21,True,False,False,False,True,False,False,True,True,False
514,Female,61,2,68,67,9.03,False,True,False,True,False,False,True,False,True,False
515,Female,89,1,50,61,6.93,True,False,False,True,False,False,False,True,True,False
516,Male,97,2,86,51,9.34,False,True,False,True,False,False,False,True,True,False
517,Female,43,4,72,47,7.99,True,False,False,True,False,False,False,True,True,False
518,Female,44,5,64,53,7.8,False,False,True,False,True,False,False,True,True,False
519,Male,64,4,63,48,5.52,False,False,True,True,False,False,True,False,True,False
520,Male,89,2,95,51,9.27,False,False,True,False,True,True,False,False,True,False
521,Male,57,4,59,41,5.63,True,False,False,False,True,False,True,False,True,False
522,Female,48,5,78,89,8.63,True,False,False,True,False,True,False,False,False,True
523,Female,64,3,48,53,6.79,False,True,False,True,False,False,False,True,True,False
524,Female,53,5,72,43,5.74,False,False,True,False,True,False,True,False,True,False
525,Female,91,1,74,40,9.17,True,False,False,False,True,False,True,False,True,False
526,Female,87,4,50,96,6.56,True,False,False,False,True,False,False,True,True,False
527,Male,82,2,63,53,8.38,True,False,False,True,False,True,False,False,True,False
528,Male,97,3,55,46,8.27,True,False,False,True,False,False,False,True,True,False
529,Male,48,1,87,92,8.97,False,True,False,False,True,False,False,True,True,False
530,Female,70,5,63,61,7.81,True,False,False,True,False,False,True,False,True,False
531,Female,47,2,65,46,8.38,False,False,True,True,False,False,False,True,True,False
532,Female,43,3,47,42,6.57,False,False,True,True,False,False,True,False,True,False
533,Female,46,3,91,52,6.21,True,False,False,False,True,False,False,True,True,False
534,Female,61,2,68,67,9.03,False,True,False,True,False,False,True,False,True,False
535,Female,89,1,50,61,6.93,True,False,False,True,False,False,False,True,True,False
536,Male,97,2,86,51,9.34,False,True,False,True,False,False,False,True,True,False
537,Female,43,4,72,47,7.99,True,False,False,True,False,False,False,True,True,False
538,Female,44,5,64,53,7.8,False,False,True,False,True,False,False,True,True,False
539,Male,64,4,63,48,5.52,False,False,True,True,False,False,True,False,True,False
540,Male,89,2,95,51,9.27,False,False,True,False,True,True,False,False,True,False
541,Male,57,4,59,41,5.63,True,False,False,False,True,False,True,False,True,False
542,Female,48,5,78,89,8.63,True,False,False,True,False,True,False,False,False,True
543,Female,64,3,48,53,6.79,False,True,False,True,False,False,False,True,True,False
544,Female,53,5,72,43,5.74,False,False,True,False,True,False,True,False,True,False
545,Female,91,1,74,40,9.17,True,False,False,False,True,False,True,False,True,False
546,Female,87,4,50,96,6.56,True,False,False,False,True,False,False,True,True,False
547,Male,82,2,63,53,8.38,True,False,False,True,False,True,False,False,True,False
548,Male,97,3,55,46,8.27,True,False,False,True,False,False,False,True,True,False
549,Male,48,1,87,92,8.97,False,True,False,False,True,False,False,True,True,False
550,Female,70,5,63,61,7.81,True,False,False,True,False,False,True,False,True,False
551,Female,47,2,65,46,8.38,False,False,True,True,False,False,False,True,True,False
552,Female,43,3,47,42,6.57,False,False,True,True,False,False,True,False,True,False
553,Female,46,3,91,52,6.21,True,False,False,False,True,False,False,True,True,False
554,Female,61,2,68,67,9.03,False,True,False,True,False,False,True,False,True,False
555,Female,89,1,50,61,6.93,True,False,False,True,False,False,False,True,True,False
556,Male,97,2,86,51,9.34,False,True,False,True,False,False,False,True,True,False
557,Female,43,4,72,47,7.99,True,False,False,True,False,False,False,True,True,False
558,Female,44,5,64,53,7.8,False,False,True,False,True,False,False,True,True,False
559,Male,64,4,63,48,5.52,False,False,True,True,False,False,True,False,True,False
560,Male,89,2,95,51,9.27,False,False,True,False,True,True,False,False,True,False
561,Male,57,4,59,41,5.63,True,False,False,False,True,False,True,False,True,False
562,Female,48,5,78,89,8.63,True,False,False,True,False,True,False,False,False,True
563,Female,64,3,48,53,6.79,False,True,False,True,False,False,False,True,True,False
564,Female,53,5,72,43,5.74,False,False,True,False,True,False,True,False,True,False
565,Female,91,1,74,40,9.17,True,False,False,False,True,False,True,False,True,False
566,Female,87,4,50,96,6.56,True,False,False,False,True,False,False,True,True,False
567,Male,82,2,63,53,8.38,True,False,False,True,False,True,False,False,True,False
568,Male,97,3,55,46,8.27,True,False,False,True,False,False,False,True,True,False
569,Male,48,1,87,92,8.97,False,True,False,False,True,False,False,True,True,False
570,Female,70,5,63,61,7.81,True,False,False,True,False,False,True,False,True,False
571,Female,47,2,65,46,8.38,False,False,True,True,False,False,False,True,True,False
572,Female,43,3,47,42,6.57,False,False,True,True,False,False,True,False,True,False
573,Female,46,3,91,52,6.21,True,False,False,False,True,False,False,True,True,False
574,Female,61,2,68,67,9.03,False,True,False,True,False,False,True,False,True,False
575,Female,89,1,50,61,6.93,True,False,False,True,False,False,False,True,True,False
576,Male,97,2,86,51,9.34,False,True,False,True,False,False,False,True,True,False
577,Female,43,4,72,47,7.99,True,False,False,True,False,False,False,True,True,False
578,Female,44,5,64,53,7.8,False,False,True,False,True,False,False,True,True,False
579,Male,64,4,63,48,5.52,False,False,True,True,False,False,True,False,True,False
580,Male,89,2,95,51,9.27,False,False,True,False,True,True,False,False,True,False
581,Male,57,4,59,41,5.63,True,False,False,False,True,False,True,False,True,False
582,Female,48,5,78,89,8.63,True,False,False,True,False,True,False,False,False,True
583,Female,64,3,48,53,6.79,False,True,False,True,False,False,False,True,True,False
584,Female,53,5,72,43,5.74,False,False,True,False,True,False,True,False,True,False
585,Female,91,1,74,40,9.17,True,False,False,False,True,False,True,False,True,False
586,Female,87,4,50,96,6.56,True,False,False,False,True,False,False,True,True,False
587,Male,82,2,63,53,8.38,True,False,False,True,False,True,False,False,True,False
588,Male,97,3,55,46,8.27,True,False,False,True,False,False,False,True,True,False
589,Male,48,1,87,92,8.97,False,True,False,False,True,False,False,True,True,False
590,Female,70,5,63,61,7.81,True,False,False,True,False,False,True,False,True,False
591,Female,47,2,65,46,8.38,False,False,True,True,False,False,False,True,True,False
592,Female,43,3,47,42,6.57,False,False,True,True,False,False,True,False,True,False
593,Female,46,3,91,52,6.21,True,False,False,False,True,False,False,True,True,False
594,Female,61,2,68,67,9.03,False,True,False,True,False,False,True,False,True,False
595,Female,89,1,50,61,6.93,True,False,False,True,False,False,False,True,True,False
596,Male,97,2,86,51,9.34,False,True,False,True,False,False,False,True,True,False
597,Female,43,4,72,47,7.99,True,False,False,True,False,False,False,True,True,False
598,Female,44,5,64,53,7.8,False,False,True,False,True,False,False,True,True,False
599,Male,64,4,63,48,5.52,False,False,True,True,False,False,True,False,True,False
600,Male,89,2,95,51,9.27,False,False,True,False,True,True,False,False,True,False
601,Male,57,4,59,41,5.63,True,False,False,False,True,False,True,False,True,False
602,Female,48,5,78,89,8.63,True,False,False,True,False,True,False,False,False,True
603,Female,64,3,48,53,6.79,False,True,False,True,False,False,False,True,True,False
604,Female,53,5,72,43,5.74,False,False,True,False,True,False,True,False,True,False
605,Female,91,1,74,40,9.17,True,False,False,False,True,False,True,False,True,False
606,Female,87,4,50,96,6.56,True,False,False,False,True,False,False,True,True,False
607,Male,82,2,63,53,8.38,True,False,False,True,False,True,False,False,True,False
608,Male,97,3,55,46,8.27,True,False,False,True,False,False,False,True,True,False
609,Male,48,1,87,92,8.97,False,True,False,False,True,False,False,True,True,False
610,Female,70,5,63,61,7.81,True,False,False,True,False,False,True,False,True,False
611,Female,47,2,65,46,8.38,False,False,True,True,False,False,False,True,True,False
612,Female,43,3,47,42,6.57,False,False,True,True,False,False,True,False,True,False
613,Female,46,3,91,52,6.21,True,False,False,False,True,False,False,True,True,False
614,Female,61,2,68,67,9.03,False,True,False,True,False,False,True,False,True,False
615,Female,89,1,50,61,6.93,True,False,False,True,False,False,False,True,True,False
616,Male,97,2,86,51,9.34,False,True,False,True,False,False,False,True,True,False
617,Female,43,4,72,47,7.99,True,False,False,True,False,False,False,True,True,False
618,Female,44,5,64,53,7.8,False,False,True,False,True,False,False,True,True,False
619,Male,64,4,63,48,5.52,False,False,True,True,False,False,True,False,True,False
620,Male,89,2,95,51,9.27,False,False,True,False,True,True,False,False,True,False
621,Male,57,4,59,41,5.63,True,False,False,False,True,False,True,False,True,False
622,Female,48,5,78,89,8.63,True,False,False,True,False,True,False,False,False,True
623,Female,64,3,48,53,6.79,False,True,False,True,False,False,False,True,True,False
624,Female,53,5,72,43,5.74,False,False,True,False,True,False,True,False,True,False
625,Female,91,1,74,40,9.17,True,False,False,False,True,False,True,False,True,False
626,Female,87,4,50,96,6.56,True,False,False,False,True,False,False,True,True,False
627,Male,82,2,63,53,8.38,True,False,False,True,False,True,False,False,True,False
628,Male,97,3,55,46,8.27,True,False,False,True,False,False,False,True,True,False
629,Male,48,1,87,92,8.97,False,True,False,False,True,False,False,True,True,False
630,Female,70,5,63,61,7.81,True,False,False,True,False,False,True,False,True,False
631,Female,47,2,65,46,8.38,False,False,True,True,False,False,False,True,True,False
632,Female,43,3,47,42,6.57,False,False,True,True,False,False,True,False,True,False
633,Female,46,3,91,52,6.21,True,False,False,False,True,False,False,True,True,False
634,Female,61,2,68,67,9.03,False,True,False,True,False,False,True,False,True,False
635,Female,89,1,50,61,6.93,True,False,False,True,False,False,False,True,True,False
636,Male,97,2,86,51,9.34,False,True,False,True,False,False,False,True,True,False
637,Female,43,4,72,47,7.99,True,False,False,True,False,False,False,True,True,False
638,Female,44,5,64,53,7.8,False,False,True,False,True,False,False,True,True,False
639,Male,64,4,63,48,5.52,False,False,True,True,False,False,True,False,True,False
640,Male,89,2,95,51,9.27,False,False,True,False,True,True,False,False,True,False
641,Male,57,4,59,41,5.63,True,False,False,False,True,False,True,False,True,False
642,Female,48,5,78,89,8.63,True,False,False,True,False,True,False,False,False,True
643,Female,64,3,48,53,6.79,False,True,False,True,False,False,False,True,True,False
644,Female,53,5,72,43,5.74,False,False,True,False,True,False,True,False,True,False
645,Female,91,1,74,40,9.17,True,False,False,False,True,False,True,False,True,False
646,Female,87,4,50,96,6.56,True,False,False,False,True,False,False,True,True,False
647,Male,82,2,63,53,8.38,True,False,False,True,False,True,False,False,True,False
648,Male,97,3,55,46,8.27,True,False,False,True,False,False,False,True,True,False
649,Male,48,1,87,92,8.97,False,True,False,False,True,False,False,True,True,False
650,Female,70,5,63,61,7.81,True,False,False,True,False,False,True,False,True,False
651,Female,47,2,65,46,8.38,False,False,True,True,False,False,False,True,True,False
652,Female,43,3,47,42,6.57,False,False,True,True,False,False,True,False,True,False
653,Female,46,3,91,52,6.21,True,False,False,False,True,False,False,True,True,False
654,Female,61,2,68,67,9.03,False,True,False,True,False,False,True,False,True,False
655,Female,89,1,50,61,6.93,True,False,False,True,False,False,False,True,True,False
656,Male,97,2,86,51,9.34,False,True,False,True,False,False,False,True,True,False
657,Female,43,4,72,47,7.99,True,False,False,True,False,False,False,True,True,False
658,Female,44,5,64,53,7.8,False,False,True,False,True,False,False,True,True,False
659,Male,64,4,63,48,5.52,False,False,True,True,False,False,True,False,True,False
660,Male,89,2,95,51,9.27,False,False,True,False,True,True,False,False,True,False
661,Male,57,4,59,41,5.63,True,False,False,False,True,False,True,False,True,False
662,Female,48,5,78,89,8.63,True,False,False,True,False,True,False,False,False,True
663,Female,64,3,48,53,6.79,False,True,False,True,False,False,False,True,True,False
664,Female,53,5,72,43,5.74,False,False,True,False,True,False,True,False,True,False
665,Female,91,1,74,40,9.17,True,False,False,False,True,False,True,False,True,False
666,Female,87,4,50,96,6.56,True,False,False,False,True,False,False,True,True,False
667,Male,82,2,63,53,8.38,True,False,False,True,False,True,False,False,True,False
668,Male,97,3,55,46,8.27,True,False,False,True,False,False,False,True,True,False
669,Male,48,1,87,92,8.97,False,True,False,False,True,False,False,True,True,False
670,Female,70,5,63,61,7.81,True,False,False,True,False,False,True,False,True,False
671,Female,47,2,65,46,8.38,False,False,True,True,False,False,False,True,True,False
672,Female,43,3,47,42,6.57,False,False,True,True,False,False,True,False,True,False
673,Female,46,3,91,52,6.21,True,False,False,False,True,False,False,True,True,False
674,Female,61,2,68,67,9.03,False,True,False,True,False,False,True,False,True,False
675,Female,89,1,50,61,6.93,True,False,False,True,False,False,False,True,True,False
676,Male,97,2,86,51,9.34,False,True,False,True,False,False,False,True,True,False
677,Female,43,4,72,47,7.99,True,False,False,True,False,False,False,True,True,False
678,Female,44,5,64,53,7.8,False,False,True,False,True,False,False,True,True,False
679,Male,64,4,63,48,5.52,False,False,True,True,False,False,True,False,True,False
680,Male,89,2,95,51,9.27,False,False,True,False,True,True,False,False,True,False
681,Male,57,4,59,41,5.63,True,False,False,False,True,False,True,False,True,False
682,Female,48,5,78,89,8.63,True,False,False,True,False,True,False,False,False,True
683,Female,64,3,48,53,6.79,False,True,False,True,False,False,False,True,True,False
684,Female,53,5,72,43,5.74,False,False,True,False,True,False,True,False,True,False
685,Female,91,1,74,40,9.17,True,False,False,False,True,False,True,False,True,False
686,Female,87,4,50,96,6.56,True,False,False,False,True,False,False,True,True,False
687,Male,82,2,63,53,8.38,True,False,False,True,False,True,False,False,True,False
688,Male,97,3,55,46,8.27,True,False,False,True,False,False,False,True,True,False
689,Male,48,1,87,92,8.97,False,True,False,False,True,False,False,True,True,False
690,Female,70,5,63,61,7.81,True,False,False,True,False,False,True,False,True,False
691,Female,47,2,65,46,8.38,False,False,True,True,False,False,False,True,True,False
692,Female,43,3,47,42,6.57,False,False,True,True,False,False,True,False,True,False
693,Female,46,3,91,52,6.21,True,False,False,False,True,False,False,True,True,False
694,Female,61,2,68,67,9.03,False,True,False,True,False,False,True,False,True,False
695,Female,89,1,50,61,6.93,True,False,False,True,False,False,False,True,True,False
696,Male,97,2,86,51,9.34,False,True,False,True,False,False,False,True,True,False
697,Female,43,4,72,47,7.99,True,False,False,True,False,False,False,True,True,False
698,Female,44,5,64,53,7.8,False,False,True,False,True,False,False,True,True,False
699,Male,64,4,63,48,5.52,False,False,True,True,False,False,True,False,True,False
700,Male,89,2,95,51,9.27,False,False,True,False,True,True,False,False,True,False
701,Male,57,4,59,41,5.63,True,False,False,False,True,False,True,False,True,False
702,Female,48,5,78,89,8.63,True,False,False,True,False,True,False,False,False,True
703,Female,64,3,48,53,6.79,False,True,False,True,False,False,False,True,True,False
704,Female,53,5,72,43,5.74,False,False,True,False,True,False,True,False,True,False
705,Female,91,1,74,40,9.17,True,False,False,False,True,False,True,False,True,False
706,Female,87,4,50,96,6.56,True,False,False,False,True,False,False,True,True,False
707,Male,82,2,63,53,8.38,True,False,False,True,False,True,False,False,True,False
708,Male,97,3,55,46,8.27,True,False,False,True,False,False,False,True,True,False
709,Male,48,1,87,92,8.97,False,True,False,False,True,False,False,True,True,False
710,Female,70,5,63,61,7.81,True,False,False,True,False,False,True,False,True,False
711,Female,47,2,65,46,8.38,False,False,True,True,False,False,False,True,True,False
712,Female,43,3,47,42,6.57,False,False,True,True,False,False,True,False,True,False
713,Female,46,3,91,52,6.21,True,False,False,False,True,False,False,True,True,False
714,Female,61,2,68,67,9.03,False,True,False,True,False,False,True,False,True,False
715,Female,89,1,50,61,6.93,True,False,False,True,False,False,False,True,True,False
716,Male,97,2,86,51,9.34,False,True,False,True,False,False,False,True,True,False
717,Female,43,4,72,47,7.99,True,False,False,True,False,False,False,True,True,False
718,Female,44,5,64,53,7.8,False,False,True,False,True,False,False,True,True,False
719,Male,64,4,63,48,5.52,False,False,True,True,False,False,True,False,True,False
720,Male,89,2,95,51,9.27,False,False,True,False,True,True,False,False,True,False
721,Male,57,4,59,41,5.63,True,False,False,False,True,False,True,False,True,False
722,Female,48,5,78,89,8.63,True,False,False,True,False,True,False,False,False,True
723,Female,64,3,48,53,6.79,False,True,False,True,False,False,False,True,True,False
724,Female,53,5,72,43,5.74,False,False,True,False,True,False,True,False,True,False
725,Female,91,1,74,40,9.17,True,False,False,False,True,False,True,False,True,False
726,Female,87,4,50,96,6.56,True,False,False,False,True,False,False,True,True,False
727,Male,82,2,63,53,8.38,True,False,False,True,False,True,False,False,True,False
728,Male,97,3,55,46,8.27,True,False,False,True,False,False,False,True,True,False
729,Male,48,1,87,92,8.97,False,True,False,False,True,False,False,True,True,False
730,Female,70,5,63,61,7.81,True,False,False,True,False,False,True,False,True,False
731,Female,47,2,65,46,8.38,False,False,True,True,False,False,False,True,True,False
732,Female,43,3,47,42,6.57,False,False,True,True,False,False,True,False,True,False
733,Female,46,3,91,52,6.21,True,False,False,False,True,False,False,True,True,False
734,Female,61,2,68,67,9.03,False,True,False,True,False,False,True,False,True,False
735,Female,89,1,50,61,6.93,True,False,False,True,False,False,False,True,True,False
736,Male,97,2,86,51,9.34,False,True,False,True,False,False,False,True,True,False
737,Female,43,4,72,47,7.99,True,False,False,True,False,False,False,True,True,False
738,Female,44,5,64,53,7.8,False,False,True,False,True,False,False,True,True,False
739,Male,64,4,63,48,5.52,False,False,True,True,False,False,True,False,True,False
740,Male,89,2,95,51,9.27,False,False,True,False,True,True,False,False,True,False
741,Male,57,4,59,41,5.63,True,False,False,False,True,False,True,False,True,False
742,Female,48,5,78,89,8.63,True,False,False,True,False,True,False,False,False,True
743,Female,64,3,48,53,6.79,False,True,False,True,False,False,False,True,True,False
744,Female,53,5,72,43,5.74,False,False,True,False,True,False,True,False,True,False
745,Female,91,1,74,40,9.17,True,False,False,False,True,False,True,False,True,False
746,Female,87,4,50,96,6.56,True,False,False,False,True,False,False,True,True,False
747,Male,82,2,63,53,8.38,True,False,False,True,False,True,False,False,True,False
748,Male,97,3,55,46,8.27,True,False,False,True,False,False,False,True,True,False
749,Male,48,1,87,92,8.97,False,True,False,False,True,False,False,True,True,False
750,Female,70,5,63,61,7.81,True,False,False,True,False,False,True,False,True,False
751,Female,47,2,65,46,8.38,False,False,True,True,False,False,False,True,True,False
752,Female,43,3,47,42,6.57,False,False,True,True,False,False,True,False,True,False
753,Female,46,3,91,52,6.21,True,False,False,False,True,False,False,True,True,False
754,Female,61,2,68,67,9.03,False,True,False,True,False,False,True,False,True,False
755,Female,89,1,50,61,6.93,True,False,False,True,False,False,False,True,True,False
756,Male,97,2,86,51,9.34,False,True,False,True,False,False,False,True,True,False
757,Female,43,4,72,47,7.99,True,False,False,True,False,False,False,True,True,False
758,Female,44,5,64,53,7.8,False,False,True,False,True,False,False,True,True,False
759,Male,64,4,63,48,5.52,False,False,True,True,False,False,True,False,True,False
760,Male,89,2,95,51,9.27,False,False,True,False,True,True,False,False,True,False
761,Male,57,4,59,41,5.63,True,False,False,False,True,False,True,False,True,False
762,Female,48,5,78,89,8.63,True,False,False,True,False,True,False,False,False,True
763,Female,64,3,48,53,6.79,False,True,False,True,False,False,False,True,True,False
764,Female,53,5,72,43,5.74,False,False,True,False,True,False,True,False,True,False
765,Female,91,1,74,40,9.17,True,False,False,False,True,False,True,False,True,False
766,Female,87,4,50,96,6.56,True,False,False,False,True,False,False,True,True,False
767,Male,82,2,63,53,8.38,True,False,False,True,False,True,False,False,True,False
768,Male,97,3,55,46,8.27,True,False,False,True,False,False,False,True,True,False
769,Male,48,1,87,92,8.97,False,True,False,False,True,False,False,True,True,False
770,Female,70,5,63,61,7.81,True,False,False,True,False,False,True,False,True,False
771,Female,47,2,65,46,8.38,False,False,True,True,False,False,False,True,True,False
772,Female,43,3,47,42,6.57,False,False,True,True,False,False,True,False,True,False
773,Female,46,3,91,52,6.21,True,False,False,False,True,False,False,True,True,False
774,Female,61,2,68,67,9.03,False,True,False,True,False,False,True,False,True,False
775,Female,89,1,50,61,6.93,True,False,False,True,False,False,False,True,True,False
776,Male,97,2,86,51,9.34,False,True,False,True,False,False,False,True,True,False
777,Female,43,4,72,47,7.99,True,False,False,True,False,False,False,True,True,False
778,Female,44,5,64,53,7.8,False,False,True,False,True,False,False,True,True,False
779,Male,64,4,63,48,5.52,False,False,True,True,False,False,True,False,True,False
780,Male,89,2,95,51,9.27,False,False,True,False,True,True,False,False,True,False
781,Male,57,4,59,41,5.63,True,False,False,False,True,False,True,False,True,False
782,Female,48,5,78,89,8.63,True,False,False,True,False,True,False,False,False,True
783,Female,64,3,48,53,6.79,False,True,False,True,False,False,False,True,True,False
784,Female,53,5,72,43,5.74,False,False,True,False,True,False,True,False,True,False
785,Female,91,1,74,40,9.17,True,False,False,False,True,False,True,False,True,False
786,Female,87,4,50,96,6.56,True,False,False,False,True,False,False,True,True,False
787,Male,82,2,63,53,8.38,True,False,False,True,False,True,False,False,True,False
788,Male,97,3,55,46,8.27,True,False,False,True,False,False,False,True,True,False
789,Male,48,1,87,92,8.97,False,True,False,False,True,False,False,True,True,False
790,Female,70,5,63,61,7.81,True,False,False,True,False,False,True,False,True,False
791,Female,47,2,65,46,8.38,False,False,True,True,False,False,False,True,True,False
792,Female,43,3,47,42,6.57,False,False,True,True,False,False,True,False,True,False
793,Female,46,3,91,52,6.21,True,False,False,False,True,False,False,True,True,False
794,Female,61,2,68,67,9.03,False,True,False,True,False,False,True,False,True,False
795,Female,89,1,50,61,6.93,True,False,False,True,False,False,False,True,True,False
796,Male,97,2,86,51,9.34,False,True,False,True,False,False,False,True,True,False
797,Female,43,4,72,47,7.99,True,False,False,True,False,False,False,True,True,False
798,Female,44,5,64,53,7.8,False,False,True,False,True,False,False,True,True,False
799,Male,64,4,63,48,5.52,False,False,True,True,False,False,True,False,True,False
800,Male,89,2,95,51,9.27,False,False,True,False,True,True,False,False,True,False
801,Male,57,4,59,41,5.63,True,False,False,False,True,False,True,False,True,False
802,Female,48,5,78,89,8.63,True,False,False,True,False,True,False,False,False,True
803,Female,64,3,48,53,6.79,False,True,False,True,False,False,False,True,True,False
804,Female,53,5,72,43,5.74,False,False,True,False,True,False,True,False,True,False
805,Female,91,1,74,40,9.17,True,False,False,False,True,False,True,False,True,False
806,Female,87,4,50,96,6.56,True,False,False,False,True,False,False,True,True,False
807,Male,82,2,63,53,8.38,True,False,False,True,False,True,False,False,True,False
808,Male,97,3,55,46,8.27,True,False,False,True,False,False,False,True,True,False
809,Male,48,1,87,92,8.97,False,True,False,False,True,False,False,True,True,False
810,Female,70,5,63,61,7.81,True,False,False,True,False,False,True,False,True,False
811,Female,47,2,65,46,8.38,False,False,True,True,False,False,False,True,True,False
812,Female,43,3,47,42,6.57,False,False,True,True,False,False,True,False,True,False
813,Female,46,3,91,52,6.21,True,False,False,False,True,False,False,True,True,False
814,Female,61,2,68,67,9.03,False,True,False,True,False,False,True,False,True,False
815,Female,89,1,50,61,6.93,True,False,False,True,False,False,False,True,True,False
816,Male,97,2,86,51,9.34,False,True,False,True,False,False,False,True,True,False
817,Female,43,4,72,47,7.99,True,False,False,True,False,False,False,True,True,False
818,Female,44,5,64,53,7.8,False,False,True,False,True,False,False,True,True,False
819,Male,64,4,63,48,5.52,False,False,True,True,False,False,True,False,True,False
820,Male,89,2,95,51,9.27,False,False,True,False,True,True,False,False,True,False
821,Male,57,4,59,41,5.63,True,False,False,False,True,False,True,False,True,False
822,Female,48,5,78,89,8.63,True,False,False,True,False,True,False,False,False,True
823,Female,64,3,48,53,6.79,False,True,False,True,False,False,False,True,True,False
824,Female,53,5,72,43,5.74,False,False,True,False,True,False,True,False,True,False
825,Female,91,1,74,40,9.17,True,False,False,False,True,False,True,False,True,False
826,Female,87,4,50,96,6.56,True,False,False,False,True,False,False,True,True,False
827,Male,82,2,63,53,8.38,True,False,False,True,False,True,False,False,True,False
828,Male,97,3,55,46,8.27,True,False,False,True,False,False,False,True,True,False
829,Male,48,1,87,92,8.97,False,True,False,False,True,False,False,True,True,False
830,Female,70,5,63,61,7.81,True,False,False,True,False,False,True,False,True,False
831,Female,47,2,65,46,8.38,False,False,True,True,False,False,False,True,True,False
832,Female,43,3,47,42,6.57,False,False,True,True,False,False,True,False,True,False
833,Female,46,3,91,52,6.21,True,False,False,False,True,False,False,True,True,False
834,Female,61,2,68,67,9.03,False,True,False,True,False,False,True,False,True,False
835,Female,89,1,50,61,6.93,True,False,False,True,False,False,False,True,True,False
836,Male,97,2,86,51,9.34,False,True,False,True,False,False,False,True,True,False
837,Female,43,4,72,47,7.99,True,False,False,True,False,False,False,True,True,False
838,Female,44,5,64,53,7.8,False,False,True,False,True,False,False,True,True,False
839,Male,64,4,63,48,5.52,False,False,True,True,False,False,True,False,True,False
840,Male,89,2,95,51,9.27,False,False,True,False,True,True,False,False,True,False
841,Male,57,4,59,41,5.63,True,False,False,False,True,False,True,False,True,False
842,Female,48,5,78,89,8.63,True,False,False,True,False,True,False,False,False,True
843,Female,64,3,48,53,6.79,False,True,False,True,False,False,False,True,True,False
844,Female,53,5,72,43,5.74,False,False,True,False,True,False,True,False,True,False
845,Female,91,1,74,40,9.17,True,False,False,False,True,False,True,False,True,False
846,Female,87,4,50,96,6.56,True,False,False,False,True,False,False,True,True,False
847,Male,82,2,63,53,8.38,True,False,False,True,False,True,False,False,True,False
848,Male,97,3,55,46,8.27,True,False,False,True,False,False,False,True,True,False
849,Male,48,1,87,92,8.97,False,True,False,False,True,False,False,True,True,False
850,Female,70,5,63,61,7.81,True,False,False,True,False,False,True,False,True,False
851,Female,47,2,65,46,8.38,False,False,True,True,False,False,False,True,True,False
852,Female,43,3,47,42,6.57,False,False,True,True,False,False,True,False,True,False
853,Female,46,3,91,52,6.21,True,False,False,False,True,False,False,True,True,False
854,Female,61,2,68,67,9.03,False,True,False,True,False,False,True,False,True,False
855,Female,89,1,50,61,6.93,True,False,False,True,False,False,False,True,True,False
856,Male,97,2,86,51,9.34,False,True,False,True,False,False,False,True,True,False
857,Female,43,4,72,47,7.99,True,False,False,True,False,False,False,True,True,False
858,Female,44,5,64,53,7.8,False,False,True,False,True,False,False,True,True,False
859,Male,64,4,63,48,5.52,False,False,True,True,False,False,True,False,True,False
860,Male,89,2,95,51,9.27,False,False,True,False,True,True,False,False,True,False
861,Male,57,4,59,41,5.63,True,False,False,False,True,False,True,False,True,False
862,Female,48,5,78,89,8.63,True,False,False,True,False,True,False,False,False,True
863,Female,64,3,48,53,6.79,False,True,False,True,False,False,False,True,True,False
864,Female,53,5,72,43,5.74,False,False,True,False,True,False,True,False,True,False
865,Female,91,1,74,40,9.17,True,False,False,False,True,False,True,False,True,False
866,Female,87,4,50,96,6.56,True,False,False,False,True,False,False,True,True,False
867,Male,82,2,63,53,8.38,True,False,False,True,False,True,False,False,True,False
868,Male,97,3,55,46,8.27,True,False,False,True,False,False,False,True,True,False
869,Male,48,1,87,92,8.97,False,True,False,False,True,False,False,True,True,False
870,Female,70,5,63,61,7.81,True,False,False,True,False,False,True,False,True,False
871,Female,47,2,65,46,8.38,False,False,True,True,False,False,False,True,True,False
872,Female,43,3,47,42,6.57,False,False,True,True,False,False,True,False,True,False
873,Female,46,3,91,52,6.21,True,False,False,False,True,False,False,True,True,False
874,Female,61,2,68,67,9.03,False,True,False,True,False,False,True,False,True,False
875,Female,89,1,50,61,6.93,True,False,False,True,False,False,False,True,True,False
876,Male,97,2,86,51,9.34,False,True,False,True,False,False,False,True,True,False
877,Female,43,4,72,47,7.99,True,False,False,True,False,False,False,True,True,False
878,Female,44,5,64,53,7.8,False,False,True,False,True,False,False,True,True,False
879,Male,64,4,63,48,5.52,False,False,True,True,False,False,True,False,True,False
880,Male,89,2,95,51,9.27,False,False,True,False,True,True,False,False,True,False
881,Male,57,4,59,41,5.63,True,False,False,False,True,False,True,False,True,False
882,Female,48,5,78,89,8.63,True,False,False,True,False,True,False,False,False,True
883,Female,64,3,48,53,6.79,False,True,False,True,False,False,False,True,True,False
884,Female,53,5,72,43,5.74,False,False,True,False,True,False,True,False,True,False
885,Female,91,1,74,40,9.17,True,False,False,False,True,False,True,False,True,False
886,Female,87,4,50,96,6.56,True,False,False,False,True,False,False,True,True,False
887,Male,82,2,63,53,8.38,True,False,False,True,False,True,False,False,True,False
888,Male,97,3,55,46,8.27,True,False,False,True,False,False,False,True,True,False
889,Male,48,1,87,92,8.97,False,True,False,False,True,False,False,True,True,False
890,Female,70,5,63,61,7.81,True,False,False,True,False,False,True,False,True,False
891,Female,47,2,65,46,8.38,False,False,True,True,False,False,False,True,True,False
892,Female,43,3,47,42,6.57,False,False,True,True,False,False,True,False,True,False
893,Female,46,3,91,52,6.21,True,False,False,False,True,False,False,True,True,False
894,Female,61,2,68,67,9.03,False,True,False,True,False,False,True,False,True,False
895,Female,89,1,50,61,6.93,True,False,False,True,False,False,False,True,True,False
896,Male,97,2,86,51,9.34,False,True,False,True,False,False,False,True,True,False
897,Female,43,4,72,47,7.99,True,False,False,True,False,False,False,True,True,False
898,Female,44,5,64,53,7.8,False,False,True,False,True,False,False,True,True,False
899,Male,64,4,63,48,5.52,False,False,True,True,False,False,True,False,True,False
900,Male,89,2,95,51,9.27,False,False,True,False,True,True,False,False,True,False
901,Male,57,4,59,41,5.63,True,False,False,False,True,False,True,False,True,False
902,Female,48,5,78,89,8.63,True,False,False,True,False,True,False,False,False,True
903,Female,64,3,48,53,6.79,False,True,False,True,False,False,False,True,True,False
904,Female,53,5,72,43,5.74,False,False,True,False,True,False,True,False,True,False
905,Female,91,1,74,40,9.17,True,False,False,False,True,False,True,False,True,False
906,Female,87,4,50,96,6.56,True,False,False,False,True,False,False,True,True,False
907,Male,82,2,63,53,8.38,True,False,False,True,False,True,False,False,True,False
908,Male,97,3,55,46,8.27,True,False,False,True,False,False,False,True,True,False
909,Male,48,1,87,92,8.97,False,True,False,False,True,False,False,True,True,False
910,Female,70,5,63,61,7.81,True,False,False,True,False,False,True,False,True,False
911,Female,47,2,65,46,8.38,False,False,True,True,False,False,False,True,True,False
912,Female,43,3,47,42,6.57,False,False,True,True,False,False,True,False,True,False
913,Female,46,3,91,52,6.21,True,False,False,False,True,False,False,True,True,False
914,Female,61,2,68,67,9.03,False,True,False,True,False,False,True,False,True,False
915,Female,89,1,50,61,6.93,True,False,False,True,False,False,False,True,True,False
916,Male,97,2,86,51,9.34,False,True,False,True,False,False,False,True,True,False
917,Female,43,4,72,47,7.99,True,False,False,True,False,False,False,True,True,False
918,Female,44,5,64,53,7.8,False,False,True,False,True,False,False,True,True,False
919,Male,64,4,63,48,5.52,False,False,True,True,False,False,True,False,True,False
920,Male,89,2,95,51,9.27,False,False,True,False,True,True,False,False,True,False
921,Male,57,4,59,41,5.63,True,False,False,False,True,False,True,False,True,False
922,Female,48,5,78,89,8.63,True,False,False,True,False,True,False,False,False,True
923,Female,64,3,48,53,6.79,False,True,False,True,False,False,False,True,True,False
924,Female,53,5,72,43,5.74,False,False,True,False,True,False,True,False,True,False
925,Female,91,1,74,40,9.17,True,False,False,False,True,False,True,False,True,False
926,Female,87,4,50,96,6.56,True,False,False,False,True,False,False,True,True,False
927,Male,82,2,63,53,8.38,True,False,False,True,False,True,False,False,True,False
928,Male,97,3,55,46,8.27,True,False,False,True,False,False,False,True,True,False
929,Male,48,1,87,92,8.97,False,True,False,False,True,False,False,True,True,False
930,Female,70,5,63,61,7.81,True,False,False,True,False,False,True,False,True,False
931,Female,47,2,65,46,8.38,False,False,True,True,False,False,False,True,True,False
932,Female,43,3,47,42,6.57,False,False,True,True,False,False,True,False,True,False
933,Female,46,3,91,52,6.21,True,False,False,False,True,False,False,True,True,False
934,Female,61,2,68,67,9.03,False,True,False,True,False,False,True,False,True,False
935,Female,89,1,50,61,6.93,True,False,False,True,False,False,False,True,True,False
936,Male,97,2,86,51,9.34,False,True,False,True,False,False,False,True,True,False
937,Female,43,4,72,47,7.99,True,False,False,True,False,False,False,True,True,False
938,Female,44,5,64,53,7.8,False,False,True,False,True,False,False,True,True,False
939,Male,64,4,63,48,5.52,False,False,True,True,False,False,True,False,True,False
940,Male,89,2,95,51,9.27,False,False,True,False,True,True,False,False,True,False
941,Male,57,4,59,41,5.63,True,False,False,False,True,False,True,False,True,False
942,Female,48,5,78,89,8.63,True,False,False,True,False,True,False,False,False,True
943,Female,64,3,48,53,6.79,False,True,False,True,False,False,False,True,True,False
944,Female,53,5,72,43,5.74,False,False,True,False,True,False,True,False,True,False
945,Female,91,1,74,40,9.17,True,False,False,False,True,False,True,False,True,False
946,Female,87,4,50,96,6.56,True,False,False,False,True,False,False,True,True,False
947,Male,82,2,63,53,8.38,True,False,False,True,False,True,False,False,True,False
948,Male,97,3,55,46,8.27,True,False,False,True,False,False,False,True,True,False
949,Male,48,1,87,92,8.97,False,True,False,False,True,False,False,True,True,False
950,Female,70,5,63,61,7.81,True,False,False,True,False,False,True,False,True,False
951,Female,47,2,65,46,8.38,False,False,True,True,False,False,False,True,True,False
952,Female,43,3,47,42,6.57,False,False,True,True,False,False,True,False,True,False
953,Female,46,3,91,52,6.21,True,False,False,False,True,False,False,True,True,False
954,Female,61,2,68,67,9.03,False,True,False,True,False,False,True,False,True,False
955,Female,89,1,50,61,6.93,True,False,False,True,False,False,False,True,True,False
956,Male,97,2,86,51,9.34,False,True,False,True,False,False,False,True,True,False
957,Female,43,4,72,47,7.99,True,False,False,True,False,False,False,True,True,False
958,Female,44,5,64,53,7.8,False,False,True,False,True,False,False,True,True,False
959,Male,64,4,63,48,5.52,False,False,True,True,False,False,True,False,True,False
960,Male,89,2,95,51,9.27,False,False,True,False,True,True,False,False,True,False
961,Male,57,4,59,41,5.63,True,False,False,False,True,False,True,False,True,False
962,Female,48,5,78,89,8.63,True,False,False,True,False,True,False,False,False,True
963,Female,64,3,48,53,6.79,False,True,False,True,False,False,False,True,True,False
964,Female,53,5,72,43,5.74,False,False,True,False,True,False,True,False,True,False
965,Female,91,1,74,40,9.17,True,False,False,False,True,False,True,False,True,False
966,Female,87,4,50,96,6.56,True,False,False,False,True,False,False,True,True,False
967,Male,82,2,63,53,8.38,True,False,False,True,False,True,False,False,True,False
968,Male,97,3,55,46,8.27,True,False,False,True,False,False,False,True,True,False
969,Male,48,1,87,92,8.97,False,True,False,False,True,False,False,True,True,False
970,Female,70,5,63,61,7.81,True,False,False,True,False,False,True,False,True,False
971,Female,47,2,65,46,8.38,False,False,True,True,False,False,False,True,True,False
972,Female,43,3,47,42,6.57,False,False,True,True,False,False,True,False,True,False
973,Female,46,3,91,52,6.21,True,False,False,False,True,False,False,True,True,False
974,Female,61,2,68,67,9.03,False,True,False,True,False,False,True,False,True,False
975,Female,89,1,50,61,6.93,True,False,False,True,False,False,False,True,True,False
976,Male,97,2,86,51,9.34,False,True,False,True,False,False,False,True,True,False
977,Female,43,4,72,47,7.99,True,False,False,True,False,False,False,True,True,False
978,Female,44,5,64,53,7.8,False,False,True,False,True,False,False,True,True,False
979,Male,64,4,63,48,5.52,False,False,True,True,False,False,True,False,True,False
980,Male,89,2,95,51,9.27,False,False,True,False,True,True,False,False,True,False
981,Male,57,4,59,41,5.63,True,False,False,False,True,False,True,False,True,False
982,Female,48,5,78,89,8.63,True,False,False,True,False,True,False,False,False,True
983,Female,64,3,48,53,6.79,False,True,False,True,False,False,False,True,True,False
984,Female,53,5,72,43,5.74,False,False,True,False,True,False,True,False,True,False
985,Female,91,1,74,40,9.17,True,False,False,False,True,False,True,False,True,False
986,Female,87,4,50,96,6.56,True,False,False,False,True,False,False,True,True,False
987,Male,82,2,63,53,8.38,True,False,False,True,False,True,False,False,True,False
988,Male,97,3,55,46,8.27,True,False,False,True,False,False,False,True,True,False
989,Male,48,1,87,92,8.97,False,True,False,False,True,False,False,True,True,False
990,Female,70,5,63,61,7.81,True,False,False,True,False,False,True,False,True,False
991,Female,47,2,65,46,8.38,False,False,True,True,False,False,False,True,True,False
992,Female,43,3,47,42,6.57,False,False,True,True,False,False,True,False,True,False
993,Female,46,3,91,52,6.21,True,False,False,False,True,False,False,True,True,False
994,Female,61,2,68,67,9.03,False,True,False,True,False,False,True,False,True,False
995,Female,89,1,50,61,6.93,True,False,False,True,False,False,False,True,True,False
996,Male,97,2,86,51,9.34,False,True,False,True,False,False,False,True,True,False
997,Female,43,4,72,47,7.99,True,False,False,True,False,False,False,True,True,False
998,Female,44,5,64,53,7.8,False,False,True,False,True,False,False,True,True,False
999,Male,64,4,63,48,5.52,False,False,True,True,False,False,True,False,True,False
1000,Male,89,2,95,51,9.27,False,False,True,False,True,True,False,False,True,False
