Student_ID,Age,Gender,Attendance,Study_Hours,Assignment_Score,Internal_Marks,Previous_GPA,Participation,Internet_Access,Family_Background,Final_Result
1,21,Male,57,4,59,41,5.63,High,Yes,Low,Low
2,22,Female,48,5,78,89,8.63,High,No,High,Medium
3,18,Female,64,3,48,53,6.79,Low,No,Medium,Low
4,19,Female,53,5,72,43,5.74,Medium,Yes,Low,Low
5,21,Female,91,1,74,40,9.17,High,Yes,Low,Low
6,18,Female,87,4,50,96,6.56,High,Yes,Medium,Low
7,18,Male,82,2,63,53,8.38,High,No,High,Low
8,19,Male,97,3,55,46,8.27,High,No,Medium,Low
9,22,Male,48,1,87,92,8.97,Low,Yes,Medium,Low
10,22,Female,70,5,63,61,7.81,High,No,Low,Low
11,19,Female,47,2,65,46,8.38,Medium,No,Medium,Low
12,20,Female,43,3,47,42,6.57,Medium,No,Low,Low
13,22,Female,46,3,91,52,6.21,High,Yes,Medium,Low
14,20,Female,61,2,68,67,9.03,Low,No,Low,Low
15,22,Female,89,1,50,61,6.93,High,No,Medium,Low
16,21,Male,97,2,86,51,9.34,Low,No,Medium,Low
17,22,Female,43,4,72,47,7.99,High,No,Medium,Low
18,20,Female,44,5,64,53,7.8,Medium,Yes,Medium,Low
19,22,Male,64,4,63,48,5.52,Medium,No,Low,Low
20,20,Male,89,2,95,51,9.27,Medium,Yes,High,Low
21,21,Male,57,4,59,41,5.63,High,Yes,Low,Low
22,22,Female,48,5,78,89,8.63,High,No,High,Medium
23,18,Female,64,3,48,53,6.79,Low,No,Medium,Low
24,19,Female,53,5,72,43,5.74,Medium,Yes,Low,Low
25,21,Female,91,1,74,40,9.17,High,Yes,Low,Low
26,18,Female,87,4,50,96,6.56,High,Yes,Medium,Low
27,18,Male,82,2,63,53,8.38,High,No,High,Low
28,19,Male,97,3,55,46,8.27,High,No,Medium,Low
29,22,Male,48,1,87,92,8.97,Low,Yes,Medium,Low
30,22,Female,70,5,63,61,7.81,High,No,Low,Low
31,19,Female,47,2,65,46,8.38,Medium,No,Medium,Low
32,20,Female,43,3,47,42,6.57,Medium,No,Low,Low
33,22,Female,46,3,91,52,6.21,High,Yes,Medium,Low
34,20,Female,61,2,68,67,9.03,Low,No,Low,Low
35,22,Female,89,1,50,61,6.93,High,No,Medium,Low
36,21,Male,97,2,86,51,9.34,Low,No,Medium,Low
37,22,Female,43,4,72,47,7.99,High,No,Medium,Low
38,20,Female,44,5,64,53,7.8,Medium,Yes,Medium,Low
39,22,Male,64,4,63,48,5.52,Medium,No,Low,Low
40,20,Male,89,2,95,51,9.27,Medium,Yes,High,Low
41,21,Male,57,4,59,41,5.63,High,Yes,Low,Low
42,22,Female,48,5,78,89,8.63,High,No,High,Medium
43,18,Female,64,3,48,53,6.79,Low,No,Medium,Low
44,19,Female,53,5,72,43,5.74,Medium,Yes,Low,Low
45,21,Female,91,1,74,40,9.17,High,Yes,Low,Low
46,18,Female,87,4,50,96,6.56,High,Yes,Medium,Low
47,18,Male,82,2,63,53,8.38,High,No,High,Low
48,19,Male,97,3,55,46,8.27,High,No,Medium,Low
49,22,Male,48,1,87,92,8.97,Low,Yes,Medium,Low
50,22,Female,70,5,63,61,7.81,High,No,Low,Low
51,19,Female,47,2,65,46,8.38,Medium,No,Medium,Low
52,20,Female,43,3,47,42,6.57,Medium,No,Low,Low
53,22,Female,46,3,91,52,6.21,High,Yes,Medium,Low
54,20,Female,61,2,68,67,9.03,Low,No,Low,Low
55,22,Female,89,1,50,61,6.93,High,No,Medium,Low
56,21,Male,97,2,86,51,9.34,Low,No,Medium,Low
57,22,Female,43,4,72,47,7.99,High,No,Medium,Low
58,20,Female,44,5,64,53,7.8,Medium,Yes,Medium,Low
59,22,Male,64,4,63,48,5.52,Medium,No,Low,Low
60,20,Male,89,2,95,51,9.27,Medium,Yes,High,Low
61,21,Male,57,4,59,41,5.63,High,Yes,Low,Low
62,22,Female,48,5,78,89,8.63,High,No,High,Medium
63,18,Female,64,3,48,53,6.79,Low,No,Medium,Low
64,19,Female,53,5,72,43,5.74,Medium,Yes,Low,Low
65,21,Female,91,1,74,40,9.17,High,Yes,Low,Low
66,18,Female,87,4,50,96,6.56,High,Yes,Medium,Low
67,18,Male,82,2,63,53,8.38,High,No,High,Low
68,19,Male,97,3,55,46,8.27,High,No,Medium,Low
69,22,Male,48,1,87,92,8.97,Low,Yes,Medium,Low
70,22,Female,70,5,63,61,7.81,High,No,Low,Low
71,19,Female,47,2,65,46,8.38,Medium,No,Medium,Low
72,20,Female,43,3,47,42,6.57,Medium,No,Low,Low
73,22,Female,46,3,91,52,6.21,High,Yes,Medium,Low
74,20,Female,61,2,68,67,9.03,Low,No,Low,Low
75,22,Female,89,1,50,61,6.93,High,No,Medium,Low
76,21,Male,97,2,86,51,9.34,Low,No,Medium,Low
77,22,Female,43,4,72,47,7.99,High,No,Medium,Low
78,20,Female,44,5,64,53,7.8,Medium,Yes,Medium,Low
79,22,Male,64,4,63,48,5.52,Medium,No,Low,Low
80,20,Male,89,2,95,51,9.27,Medium,Yes,High,Low
81,21,Male,57,4,59,41,5.63,High,Yes,Low,Low
82,22,Female,48,5,78,89,8.63,High,No,High,Medium
83,18,Female,64,3,48,53,6.79,Low,No,Medium,Low
84,19,Female,53,5,72,43,5.74,Medium,Yes,Low,Low
85,21,Female,91,1,74,40,9.17,High,Yes,Low,Low
86,18,Female,87,4,50,96,6.56,High,Yes,Medium,Low
87,18,Male,82,2,63,53,8.38,High,No,High,Low
88,19,Male,97,3,55,46,8.27,High,No,Medium,Low
89,22,Male,48,1,87,92,8.97,Low,Yes,Medium,Low
90,22,Female,70,5,63,61,7.81,High,No,Low,Low
91,19,Female,47,2,65,46,8.38,Medium,No,Medium,Low
92,20,Female,43,3,47,42,6.57,Medium,No,Low,Low
93,22,Female,46,3,91,52,6.21,High,Yes,Medium,Low
94,20,Female,61,2,68,67,9.03,Low,No,Low,Low
95,22,Female,89,1,50,61,6.93,High,No,Medium,Low
96,21,Male,97,2,86,51,9.34,Low,No,Medium,Low
97,22,Female,43,4,72,47,7.99,High,No,Medium,Low
98,20,Female,44,5,64,53,7.8,Medium,Yes,Medium,Low
99,22,Male,64,4,63,48,5.52,Medium,No,Low,Low
100,20,Male,89,2,95,51,9.27,Medium,Yes,High,Low
101,21,Male,57,4,59,41,5.63,High,Yes,Low,Low
102,22,Female,48,5,78,89,8.63,High,No,High,Medium
103,18,Female,64,3,48,53,6.79,Low,No,Medium,Low
104,19,Female,53,5,72,43,5.74,Medium,Yes,Low,Low
105,21,Female,91,1,74,40,9.17,High,Yes,Low,Low
106,18,Female,87,4,50,96,6.56,High,Yes,Medium,Low
107,18,Male,82,2,63,53,8.38,High,No,High,Low
108,19,Male,97,3,55,46,8.27,High,No,Medium,Low
109,22,Male,48,1,87,92,8.97,Low,Yes,Medium,Low
110,22,Female,70,5,63,61,7.81,High,No,Low,Low
111,19,Female,47,2,65,46,8.38,Medium,No,Medium,Low
112,20,Female,43,3,47,42,6.57,Medium,No,Low,Low
113,22,Female,46,3,91,52,6.21,High,Yes,Medium,Low
114,20,Female,61,2,68,67,9.03,Low,No,Low,Low
115,22,Female,89,1,50,61,6.93,High,No,Medium,Low
116,21,Male,97,2,86,51,9.34,Low,No,Medium,Low
117,22,Female,43,4,72,47,7.99,High,No,Medium,Low
118,20,Female,44,5,64,53,7.8,Medium,Yes,Medium,Low
119,22,Male,64,4,63,48,5.52,Medium,No,Low,Low
120,20,Male,89,2,95,51,9.27,Medium,Yes,High,Low
121,21,Male,57,4,59,41,5.63,High,Yes,Low,Low
122,22,Female,48,5,78,89,8.63,High,No,High,Medium
123,18,Female,64,3,48,53,6.79,Low,No,Medium,Low
124,19,Female,53,5,72,43,5.74,Medium,Yes,Low,Low
125,21,Female,91,1,74,40,9.17,High,Yes,Low,Low
126,18,Female,87,4,50,96,6.56,High,Yes,Medium,Low
127,18,Male,82,2,63,53,8.38,High,No,High,Low
128,19,Male,97,3,55,46,8.27,High,No,Medium,Low
129,22,Male,48,1,87,92,8.97,Low,Yes,Medium,Low
130,22,Female,70,5,63,61,7.81,High,No,Low,Low
131,19,Female,47,2,65,46,8.38,Medium,No,Medium,Low
132,20,Female,43,3,47,42,6.57,Medium,No,Low,Low
133,22,Female,46,3,91,52,6.21,High,Yes,Medium,Low
134,20,Female,61,2,68,67,9.03,Low,No,Low,Low
135,22,Female,89,1,50,61,6.93,High,No,Medium,Low
136,21,Male,97,2,86,51,9.34,Low,No,Medium,Low
137,22,Female,43,4,72,47,7.99,High,No,Medium,Low
138,20,Female,44,5,64,53,7.8,Medium,Yes,Medium,Low
139,22,Male,64,4,63,48,5.52,Medium,No,Low,Low
140,20,Male,89,2,95,51,9.27,Medium,Yes,High,Low
141,21,Male,57,4,59,41,5.63,High,Yes,Low,Low
142,22,Female,48,5,78,89,8.63,High,No,High,Medium
143,18,Female,64,3,48,53,6.79,Low,No,Medium,Low
144,19,Female,53,5,72,43,5.74,Medium,Yes,Low,Low
145,21,Female,91,1,74,40,9.17,High,Yes,Low,Low
146,18,Female,87,4,50,96,6.56,High,Yes,Medium,Low
147,18,Male,82,2,63,53,8.38,High,No,High,Low
148,19,Male,97,3,55,46,8.27,High,No,Medium,Low
149,22,Male,48,1,87,92,8.97,Low,Yes,Medium,Low
150,22,Female,70,5,63,61,7.81,High,No,Low,Low
151,19,Female,47,2,65,46,8.38,Medium,No,Medium,Low
152,20,Female,43,3,47,42,6.57,Medium,No,Low,Low
153,22,Female,46,3,91,52,6.21,High,Yes,Medium,Low
154,20,Female,61,2,68,67,9.03,Low,No,Low,Low
155,22,Female,89,1,50,61,6.93,High,No,Medium,Low
156,21,Male,97,2,86,51,9.34,Low,No,Medium,Low
157,22,Female,43,4,72,47,7.99,High,No,Medium,Low
158,20,Female,44,5,64,53,7.8,Medium,Yes,Medium,Low
159,22,Male,64,4,63,48,5.52,Medium,No,Low,Low
160,20,Male,89,2,95,51,9.27,Medium,Yes,High,Low
161,21,Male,57,4,59,41,5.63,High,Yes,Low,Low
162,22,Female,48,5,78,89,8.63,High,No,High,Medium
163,18,Female,64,3,48,53,6.79,Low,No,Medium,Low
164,19,Female,53,5,72,43,5.74,Medium,Yes,Low,Low
165,21,Female,91,1,74,40,9.17,High,Yes,Low,Low
166,18,Female,87,4,50,96,6.56,High,Yes,Medium,Low
167,18,Male,82,2,63,53,8.38,High,No,High,Low
168,19,Male,97,3,55,46,8.27,High,No,Medium,Low
169,22,Male,48,1,87,92,8.97,Low,Yes,Medium,Low
170,22,Female,70,5,63,61,7.81,High,No,Low,Low
171,19,Female,47,2,65,46,8.38,Medium,No,Medium,Low
172,20,Female,43,3,47,42,6.57,Medium,No,Low,Low
173,22,Female,46,3,91,52,6.21,High,Yes,Medium,Low
174,20,Female,61,2,68,67,9.03,Low,No,Low,Low
175,22,Female,89,1,50,61,6.93,High,No,Medium,Low
176,21,Male,97,2,86,51,9.34,Low,No,Medium,Low
177,22,Female,43,4,72,47,7.99,High,No,Medium,Low
178,20,Female,44,5,64,53,7.8,Medium,Yes,Medium,Low
179,22,Male,64,4,63,48,5.52,Medium,No,Low,Low
180,20,Male,89,2,95,51,9.27,Medium,Yes,High,Low
181,21,Male,57,4,59,41,5.63,High,Yes,Low,Low
182,22,Female,48,5,78,89,8.63,High,No,High,Medium
183,18,Female,64,3,48,53,6.79,Low,No,Medium,Low
184,19,Female,53,5,72,43,5.74,Medium,Yes,Low,Low
185,21,Female,91,1,74,40,9.17,High,Yes,Low,Low
186,18,Female,87,4,50,96,6.56,High,Yes,Medium,Low
187,18,Male,82,2,63,53,8.38,High,No,High,Low
188,19,Male,97,3,55,46,8.27,High,No,Medium,Low
189,22,Male,48,1,87,92,8.97,Low,Yes,Medium,Low
190,22,Female,70,5,63,61,7.81,High,No,Low,Low
191,19,Female,47,2,65,46,8.38,Medium,No,Medium,Low
192,20,Female,43,3,47,42,6.57,Medium,No,Low,Low
193,22,Female,46,3,91,52,6.21,High,Yes,Medium,Low
194,20,Female,61,2,68,67,9.03,Low,No,Low,Low
195,22,Female,89,1,50,61,6.93,High,No,Medium,Low
196,21,Male,97,2,86,51,9.34,Low,No,Medium,Low
197,22,Female,43,4,72,47,7.99,High,No,Medium,Low
198,20,Female,44,5,64,53,7.8,Medium,Yes,Medium,Low
199,22,Male,64,4,63,48,5.52,Medium,No,Low,Low
200,20,Male,89,2,95,51,9.27,Medium,Yes,High,Low
201,21,Male,57,4,59,41,5.63,High,Yes,Low,Low
202,22,Female,48,5,78,89,8.63,High,No,High,Medium
203,18,Female,64,3,48,53,6.79,Low,No,Medium,Low
204,19,Female,53,5,72,43,5.74,Medium,Yes,Low,Low
205,21,Female,91,1,74,40,9.17,High,Yes,Low,Low
206,18,Female,87,4,50,96,6.56,High,Yes,Medium,Low
207,18,Male,82,2,63,53,8.38,High,No,High,Low
208,19,Male,97,3,55,46,8.27,High,No,Medium,Low
209,22,Male,48,1,87,92,8.97,Low,Yes,Medium,Low
210,22,Female,70,5,63,61,7.81,High,No,Low,Low
211,19,Female,47,2,65,46,8.38,Medium,No,Medium,Low
212,20,Female,43,3,47,42,6.57,Medium,No,Low,Low
213,22,Female,46,3,91,52,6.21,High,Yes,Medium,Low
214,20,Female,61,2,68,67,9.03,Low,No,Low,Low
215,22,Female,89,1,50,61,6.93,High,No,Medium,Low
216,21,Male,97,2,86,51,9.34,Low,No,Medium,Low
217,22,Female,43,4,72,47,7.99,High,No,Medium,Low
218,20,Female,44,5,64,53,7.8,Medium,Yes,Medium,Low
219,22,Male,64,4,63,48,5.52,Medium,No,Low,Low
220,20,Male,89,2,95,51,9.27,Medium,Yes,High,Low
221,21,Male,57,4,59,41,5.63,High,Yes,Low,Low
222,22,Female,48,5,78,89,8.63,High,No,High,Medium
223,18,Female,64,3,48,53,6.79,Low,No,Medium,Low
224,19,Female,53,5,72,43,5.74,Medium,Yes,Low,Low
225,21,Female,91,1,74,40,9.17,High,Yes,Low,Low
226,18,Female,87,4,50,96,6.56,High,Yes,Medium,Low
227,18,Male,82,2,63,53,8.38,High,No,High,Low
228,19,Male,97,3,55,46,8.27,High,No,Medium,Low
229,22,Male,48,1,87,92,8.97,Low,Yes,Medium,Low
230,22,Female,70,5,63,61,7.81,High,No,Low,Low
231,19,Female,47,2,65,46,8.38,Medium,No,Medium,Low
232,20,Female,43,3,47,42,6.57,Medium,No,Low,Low
233,22,Female,46,3,91,52,6.21,High,Yes,Medium,Low
234,20,Female,61,2,68,67,9.03,Low,No,Low,Low
235,22,Female,89,1,50,61,6.93,High,No,Medium,Low
236,21,Male,97,2,86,51,9.34,Low,No,Medium,Low
237,22,Female,43,4,72,47,7.99,High,No,Medium,Low
238,20,Female,44,5,64,53,7.8,Medium,Yes,Medium,Low
239,22,Male,64,4,63,48,5.52,Medium,No,Low,Low
240,20,Male,89,2,95,51,9.27,Medium,Yes,High,Low
241,21,Male,57,4,59,41,5.63,High,Yes,Low,Low
242,22,Female,48,5,78,89,8.63,High,No,High,Medium
243,18,Female,64,3,48,53,6.79,Low,No,Medium,Low
244,19,Female,53,5,72,43,5.74,Medium,Yes,Low,Low
245,21,Female,91,1,74,40,9.17,High,Yes,Low,Low
246,18,Female,87,4,50,96,6.56,High,Yes,Medium,Low
247,18,Male,82,2,63,53,8.38,High,No,High,Low
248,19,Male,97,3,55,46,8.27,High,No,Medium,Low
249,22,Male,48,1,87,92,8.97,Low,Yes,Medium,Low
250,22,Female,70,5,63,61,7.81,High,No,Low,Low
251,19,Female,47,2,65,46,8.38,Medium,No,Medium,Low
252,20,Female,43,3,47,42,6.57,Medium,No,Low,Low
253,22,Female,46,3,91,52,6.21,High,Yes,Medium,Low
254,20,Female,61,2,68,67,9.03,Low,No,Low,Low
255,22,Female,89,1,50,61,6.93,High,No,Medium,Low
256,21,Male,97,2,86,51,9.34,Low,No,Medium,Low
257,22,Female,43,4,72,47,7.99,High,No,Medium,Low
258,20,Female,44,5,64,53,7.8,Medium,Yes,Medium,Low
259,22,Male,64,4,63,48,5.52,Medium,No,Low,Low
260,20,Male,89,2,95,51,9.27,Medium,Yes,High,Low
261,21,Male,57,4,59,41,5.63,High,Yes,Low,Low
262,22,Female,48,5,78,89,8.63,High,No,High,Medium
263,18,Female,64,3,48,53,6.79,Low,No,Medium,Low
264,19,Female,53,5,72,43,5.74,Medium,Yes,Low,Low
265,21,Female,91,1,74,40,9.17,High,Yes,Low,Low
266,18,Female,87,4,50,96,6.56,High,Yes,Medium,Low
267,18,Male,82,2,63,53,8.38,High,No,High,Low
268,19,Male,97,3,55,46,8.27,High,No,Medium,Low
269,22,Male,48,1,87,92,8.97,Low,Yes,Medium,Low
270,22,Female,70,5,63,61,7.81,High,No,Low,Low
271,19,Female,47,2,65,46,8.38,Medium,No,Medium,Low
272,20,Female,43,3,47,42,6.57,Medium,No,Low,Low
273,22,Female,46,3,91,52,6.21,High,Yes,Medium,Low
274,20,Female,61,2,68,67,9.03,Low,No,Low,Low
275,22,Female,89,1,50,61,6.93,High,No,Medium,Low
276,21,Male,97,2,86,51,9.34,Low,No,Medium,Low
277,22,Female,43,4,72,47,7.99,High,No,Medium,Low
278,20,Female,44,5,64,53,7.8,Medium,Yes,Medium,Low
279,22,Male,64,4,63,48,5.52,Medium,No,Low,Low
280,20,Male,89,2,95,51,9.27,Medium,Yes,High,Low
281,21,Male,57,4,59,41,5.63,High,Yes,Low,Low
282,22,Female,48,5,78,89,8.63,High,No,High,Medium
283,18,Female,64,3,48,53,6.79,Low,No,Medium,Low
284,19,Female,53,5,72,43,5.74,Medium,Yes,Low,Low
285,21,Female,91,1,74,40,9.17,High,Yes,Low,Low
286,18,Female,87,4,50,96,6.56,High,Yes,Medium,Low
287,18,Male,82,2,63,53,8.38,High,No,High,Low
288,19,Male,97,3,55,46,8.27,High,No,Medium,Low
289,22,Male,48,1,87,92,8.97,Low,Yes,Medium,Low
290,22,Female,70,5,63,61,7.81,High,No,Low,Low
291,19,Female,47,2,65,46,8.38,Medium,No,Medium,Low
292,20,Female,43,3,47,42,6.57,Medium,No,Low,Low
293,22,Female,46,3,91,52,6.21,High,Yes,Medium,Low
294,20,Female,61,2,68,67,9.03,Low,No,Low,Low
295,22,Female,89,1,50,61,6.93,High,No,Medium,Low
296,21,Male,97,2,86,51,9.34,Low,No,Medium,Low
297,22,Female,43,4,72,47,7.99,High,No,Medium,Low
298,20,Female,44,5,64,53,7.8,Medium,Yes,Medium,Low
299,22,Male,64,4,63,48,5.52,Medium,No,Low,Low
300,20,Male,89,2,95,51,9.27,Medium,Yes,High,Low
301,21,Male,57,4,59,41,5.63,High,Yes,Low,Low
302,22,Female,48,5,78,89,8.63,High,No,High,Medium
303,18,Female,64,3,48,53,6.79,Low,No,Medium,Low
304,19,Female,53,5,72,43,5.74,Medium,Yes,Low,Low
305,21,Female,91,1,74,40,9.17,High,Yes,Low,Low
306,18,Female,87,4,50,96,6.56,High,Yes,Medium,Low
307,18,Male,82,2,63,53,8.38,High,No,High,Low
308,19,Male,97,3,55,46,8.27,High,No,Medium,Low
309,22,Male,48,1,87,92,8.97,Low,Yes,Medium,Low
310,22,Female,70,5,63,61,7.81,High,No,Low,Low
311,19,Female,47,2,65,46,8.38,Medium,No,Medium,Low
312,20,Female,43,3,47,42,6.57,Medium,No,Low,Low
313,22,Female,46,3,91,52,6.21,High,Yes,Medium,Low
314,20,Female,61,2,68,67,9.03,Low,No,Low,Low
315,22,Female,89,1,50,61,6.93,High,No,Medium,Low
316,21,Male,97,2,86,51,9.34,Low,No,Medium,Low
317,22,Female,43,4,72,47,7.99,High,No,Medium,Low
318,20,Female,44,5,64,53,7.8,Medium,Yes,Medium,Low
319,22,Male,64,4,63,48,5.52,Medium,No,Low,Low
320,20,Male,89,2,95,51,9.27,Medium,Yes,High,Low
321,21,Male,57,4,59,41,5.63,High,Yes,Low,Low
322,22,Female,48,5,78,89,8.63,High,No,High,Medium
323,18,Female,64,3,48,53,6.79,Low,No,Medium,Low
324,19,Female,53,5,72,43,5.74,Medium,Yes,Low,Low
325,21,Female,91,1,74,40,9.17,High,Yes,Low,Low
326,18,Female,87,4,50,96,6.56,High,Yes,Medium,Low
327,18,Male,82,2,63,53,8.38,High,No,High,Low
328,19,Male,97,3,55,46,8.27,High,No,Medium,Low
329,22,Male,48,1,87,92,8.97,Low,Yes,Medium,Low
330,22,Female,70,5,63,61,7.81,High,No,Low,Low
331,19,Female,47,2,65,46,8.38,Medium,No,Medium,Low
332,20,Female,43,3,47,42,6.57,Medium,No,Low,Low
333,22,Female,46,3,91,52,6.21,High,Yes,Medium,Low
334,20,Female,61,2,68,67,9.03,Low,No,Low,Low
335,22,Female,89,1,50,61,6.93,High,No,Medium,Low
336,21,Male,97,2,86,51,9.34,Low,No,Medium,Low
337,22,Female,43,4,72,47,7.99,High,No,Medium,Low
338,20,Female,44,5,64,53,7.8,Medium,Yes,Medium,Low
339,22,Male,64,4,63,48,5.52,Medium,No,Low,Low
340,20,Male,89,2,95,51,9.27,Medium,Yes,High,Low
341,21,Male,57,4,59,41,5.63,High,Yes,Low,Low
342,22,Female,48,5,78,89,8.63,High,No,High,Medium
343,18,Female,64,3,48,53,6.79,Low,No,Medium,Low
344,19,Female,53,5,72,43,5.74,Medium,Yes,Low,Low
345,21,Female,91,1,74,40,9.17,High,Yes,Low,Low
346,18,Female,87,4,50,96,6.56,High,Yes,Medium,Low
347,18,Male,82,2,63,53,8.38,High,No,High,Low
348,19,Male,97,3,55,46,8.27,High,No,Medium,Low
349,22,Male,48,1,87,92,8.97,Low,Yes,Medium,Low
350,22,Female,70,5,63,61,7.81,High,No,Low,Low
351,19,Female,47,2,65,46,8.38,Medium,No,Medium,Low
352,20,Female,43,3,47,42,6.57,Medium,No,Low,Low
353,22,Female,46,3,91,52,6.21,High,Yes,Medium,Low
354,20,Female,61,2,68,67,9.03,Low,No,Low,Low
355,22,Female,89,1,50,61,6.93,High,No,Medium,Low
356,21,Male,97,2,86,51,9.34,Low,No,Medium,Low
357,22,Female,43,4,72,47,7.99,High,No,Medium,Low
358,20,Female,44,5,64,53,7.8,Medium,Yes,Medium,Low
359,22,Male,64,4,63,48,5.52,Medium,No,Low,Low
360,20,Male,89,2,95,51,9.27,Medium,Yes,High,Low
361,21,Male,57,4,59,41,5.63,High,Yes,Low,Low
362,22,Female,48,5,78,89,8.63,High,No,High,Medium
363,18,Female,64,3,48,53,6.79,Low,No,Medium,Low
364,19,Female,53,5,72,43,5.74,Medium,Yes,Low,Low
365,21,Female,91,1,74,40,9.17,High,Yes,Low,Low
366,18,Female,87,4,50,96,6.56,High,Yes,Medium,Low
367,18,Male,82,2,63,53,8.38,High,No,High,Low
368,19,Male,97,3,55,46,8.27,High,No,Medium,Low
369,22,Male,48,1,87,92,8.97,Low,Yes,Medium,Low
370,22,Female,70,5,63,61,7.81,High,No,Low,Low
371,19,Female,47,2,65,46,8.38,Medium,No,Medium,Low
372,20,Female,43,3,47,42,6.57,Medium,No,Low,Low
373,22,Female,46,3,91,52,6.21,High,Yes,Medium,Low
374,20,Female,61,2,68,67,9.03,Low,No,Low,Low
375,22,Female,89,1,50,61,6.93,High,No,Medium,Low
376,21,Male,97,2,86,51,9.34,Low,No,Medium,Low
377,22,Female,43,4,72,47,7.99,High,No,Medium,Low
378,20,Female,44,5,64,53,7.8,Medium,Yes,Medium,Low
379,22,Male,64,4,63,48,5.52,Medium,No,Low,Low
380,20,Male,89,2,95,51,9.27,Medium,Yes,High,Low
381,21,Male,57,4,59,41,5.63,High,Yes,Low,Low
382,22,Female,48,5,78,89,8.63,High,No,High,Medium
383,18,Female,64,3,48,53,6.79,Low,No,Medium,Low
384,19,Female,53,5,72,43,5.74,Medium,Yes,Low,Low
385,21,Female,91,1,74,40,9.17,High,Yes,Low,Low
386,18,Female,87,4,50,96,6.56,High,Yes,Medium,Low
387,18,Male,82,2,63,53,8.38,High,No,High,Low
388,19,Male,97,3,55,46,8.27,High,No,Medium,Low
389,22,Male,48,1,87,92,8.97,Low,Yes,Medium,Low
390,22,Female,70,5,63,61,7.81,High,No,Low,Low
391,19,Female,47,2,65,46,8.38,Medium,No,Medium,Low
392,20,Female,43,3,47,42,6.57,Medium,No,Low,Low
393,22,Female,46,3,91,52,6.21,High,Yes,Medium,Low
394,20,Female,61,2,68,67,9.03,Low,No,Low,Low
395,22,Female,89,1,50,61,6.93,High,No,Medium,Low
396,21,Male,97,2,86,51,9.34,Low,No,Medium,Low
397,22,Female,43,4,72,47,7.99,High,No,Medium,Low
398,20,Female,44,5,64,53,7.8,Medium,Yes,Medium,Low
399,22,Male,64,4,63,48,5.52,Medium,No,Low,Low
400,20,Male,89,2,95,51,9.27,Medium,Yes,High,Low
401,21,Male,57,4,59,41,5.63,High,Yes,Low,Low
402,22,Female,48,5,78,89,8.63,High,No,High,Medium
403,18,Female,64,3,48,53,6.79,Low,No,Medium,Low
404,19,Female,53,5,72,43,5.74,Medium,Yes,Low,Low
405,21,Female,91,1,74,40,9.17,High,Yes,Low,Low
406,18,Female,87,4,50,96,6.56,High,Yes,Medium,Low
407,18,Male,82,2,63,53,8.38,High,No,High,Low
408,19,Male,97,3,55,46,8.27,High,No,Medium,Low
409,22,Male,48,1,87,92,8.97,Low,Yes,Medium,Low
410,22,Female,70,5,63,61,7.81,High,No,Low,Low
411,19,Female,47,2,65,46,8.38,Medium,No,Medium,Low
412,20,Female,43,3,47,42,6.57,Medium,No,Low,Low
413,22,Female,46,3,91,52,6.21,High,Yes,Medium,Low
414,20,Female,61,2,68,67,9.03,Low,No,Low,Low
415,22,Female,89,1,50,61,6.93,High,No,Medium,Low
416,21,Male,97,2,86,51,9.34,Low,No,Medium,Low
417,22,Female,43,4,72,47,7.99,High,No,Medium,Low
418,20,Female,44,5,64,53,7.8,Medium,Yes,Medium,Low
419,22,Male,64,4,63,48,5.52,Medium,No,Low,Low
420,20,Male,89,2,95,51,9.27,Medium,Yes,High,Low
421,21,Male,57,4,59,41,5.63,High,Yes,Low,Low
422,22,Female,48,5,78,89,8.63,High,No,High,Medium
423,18,Female,64,3,48,53,6.79,Low,No,Medium,Low
424,19,Female,53,5,72,43,5.74,Medium,Yes,Low,Low
425,21,Female,91,1,74,40,9.17,High,Yes,Low,Low
426,18,Female,87,4,50,96,6.56,High,Yes,Medium,Low
427,18,Male,82,2,63,53,8.38,High,No,High,Low
428,19,Male,97,3,55,46,8.27,High,No,Medium,Low
429,22,Male,48,1,87,92,8.97,Low,Yes,Medium,Low
430,22,Female,70,5,63,61,7.81,High,No,Low,Low
431,19,Female,47,2,65,46,8.38,Medium,No,Medium,Low
432,20,Female,43,3,47,42,6.57,Medium,No,Low,Low
433,22,Female,46,3,91,52,6.21,High,Yes,Medium,Low
434,20,Female,61,2,68,67,9.03,Low,No,Low,Low
435,22,Female,89,1,50,61,6.93,High,No,Medium,Low
436,21,Male,97,2,86,51,9.34,Low,No,Medium,Low
437,22,Female,43,4,72,47,7.99,High,No,Medium,Low
438,20,Female,44,5,64,53,7.8,Medium,Yes,Medium,Low
439,22,Male,64,4,63,48,5.52,Medium,No,Low,Low
440,20,Male,89,2,95,51,9.27,Medium,Yes,High,Low
441,21,Male,57,4,59,41,5.63,High,Yes,Low,Low
442,22,Female,48,5,78,89,8.63,High,No,High,Medium
443,18,Female,64,3,48,53,6.79,Low,No,Medium,Low
444,19,Female,53,5,72,43,5.74,Medium,Yes,Low,Low
445,21,Female,91,1,74,40,9.17,High,Yes,Low,Low
446,18,Female,87,4,50,96,6.56,High,Yes,Medium,Low
447,18,Male,82,2,63,53,8.38,High,No,High,Low
448,19,Male,97,3,55,46,8.27,High,No,Medium,Low
449,22,Male,48,1,87,92,8.97,Low,Yes,Medium,Low
450,22,Female,70,5,63,61,7.81,High,No,Low,Low
451,19,Female,47,2,65,46,8.38,Medium,No,Medium,Low
452,20,Female,43,3,47,42,6.57,Medium,No,Low,Low
453,22,Female,46,3,91,52,6.21,High,Yes,Medium,Low
454,20,Female,61,2,68,67,9.03,Low,No,Low,Low
455,22,Female,89,1,50,61,6.93,High,No,Medium,Low
456,21,Male,97,2,86,51,9.34,Low,No,Medium,Low
457,22,Female,43,4,72,47,7.99,High,No,Medium,Low
458,20,Female,44,5,64,53,7.8,Medium,Yes,Medium,Low
459,22,Male,64,4,63,48,5.52,Medium,No,Low,Low
460,20,Male,89,2,95,51,9.27,Medium,Yes,High,Low
461,21,Male,57,4,59,41,5.63,High,Yes,Low,Low
462,22,Female,48,5,78,89,8.63,High,No,High,Medium
463,18,Female,64,3,48,53,6.79,Low,No,Medium,Low
464,19,Female,53,5,72,43,5.74,Medium,Yes,Low,Low
465,21,Female,91,1,74,40,9.17,High,Yes,Low,Low
466,18,Female,87,4,50,96,6.56,High,Yes,Medium,Low
467,18,Male,82,2,63,53,8.38,High,No,High,Low
468,19,Male,97,3,55,46,8.27,High,No,Medium,Low
469,22,Male,48,1,87,92,8.97,Low,Yes,Medium,Low
470,22,Female,70,5,63,61,7.81,High,No,Low,Low
471,19,Female,47,2,65,46,8.38,Medium,No,Medium,Low
472,20,Female,43,3,47,42,6.57,Medium,No,Low,Low
473,22,Female,46,3,91,52,6.21,High,Yes,Medium,Low
474,20,Female,61,2,68,67,9.03,Low,No,Low,Low
475,22,Female,89,1,50,61,6.93,High,No,Medium,Low
476,21,Male,97,2,86,51,9.34,Low,No,Medium,Low
477,22,Female,43,4,72,47,7.99,High,No,Medium,Low
478,20,Female,44,5,64,53,7.8,Medium,Yes,Medium,Low
479,22,Male,64,4,63,48,5.52,Medium,No,Low,Low
480,20,Male,89,2,95,51,9.27,Medium,Yes,High,Low
481,21,Male,57,4,59,41,5.63,High,Yes,Low,Low
482,22,Female,48,5,78,89,8.63,High,No,High,Medium
483,18,Female,64,3,48,53,6.79,Low,No,Medium,Low
484,19,Female,53,5,72,43,5.74,Medium,Yes,Low,Low
485,21,Female,91,1,74,40,9.17,High,Yes,Low,Low
486,18,Female,87,4,50,96,6.56,High,Yes,Medium,Low
487,18,Male,82,2,63,53,8.38,High,No,High,Low
488,19,Male,97,3,55,46,8.27,High,No,Medium,Low
489,22,Male,48,1,87,92,8.97,Low,Yes,Medium,Low
490,22,Female,70,5,63,61,7.81,High,No,Low,Low
491,19,Female,47,2,65,46,8.38,Medium,No,Medium,Low
492,20,Female,43,3,47,42,6.57,Medium,No,Low,Low
493,22,Female,46,3,91,52,6.21,High,Yes,Medium,Low
494,20,Female,61,2,68,67,9.03,Low,No,Low,Low
495,22,Female,89,1,50,61,6.93,High,No,Medium,Low
496,21,Male,97,2,86,51,9.34,Low,No,Medium,Low
497,22,Female,43,4,72,47,7.99,High,No,Medium,Low
498,20,Female,44,5,64,53,7.8,Medium,Yes,Medium,Low
499,22,Male,64,4,63,48,5.52,Medium,No,Low,Low
500,20,Male,89,2,95,51,9.27,Medium,Yes,High,Low
501,21,Male,57,4,59,41,5.63,High,Yes,Low,Low
502,22,Female,48,5,78,89,8.63,High,No,High,Medium
503,18,Female,64,3,48,53,6.79,Low,No,Medium,Low
504,19,Female,53,5,72,43,5.74,Medium,Yes,Low,Low
505,21,Female,91,1,74,40,9.17,High,Yes,Low,Low
506,18,Female,87,4,50,96,6.56,High,Yes,Medium,Low
507,18,Male,82,2,63,53,8.38,High,No,High,Low
508,19,Male,97,3,55,46,8.27,High,No,Medium,Low
509,22,Male,48,1,87,92,8.97,Low,Yes,Medium,Low
510,22,Female,70,5,63,61,7.81,High,No,Low,Low
511,19,Female,47,2,65,46,8.38,Medium,No,Medium,Low
512,20,Female,43,3,47,42,6.57,Medium,No,Low,Low
513,22,Female,46,3,91,52,6.21,High,Yes,Medium,Low
514,20,Female,61,2,68,67,9.03,Low,No,Low,Low
515,22,Female,89,1,50,61,6.93,High,No,Medium,Low
516,21,Male,97,2,86,51,9.34,Low,No,Medium,Low
517,22,Female,43,4,72,47,7.99,High,No,Medium,Low
518,20,Female,44,5,64,53,7.8,Medium,Yes,Medium,Low
519,22,Male,64,4,63,48,5.52,Medium,No,Low,Low
520,20,Male,89,2,95,51,9.27,Medium,Yes,High,Low
521,21,Male,57,4,59,41,5.63,High,Yes,Low,Low
522,22,Female,48,5,78,89,8.63,High,No,High,Medium
523,18,Female,64,3,48,53,6.79,Low,No,Medium,Low
524,19,Female,53,5,72,43,5.74,Medium,Yes,Low,Low
525,21,Female,91,1,74,40,9.17,High,Yes,Low,Low
526,18,Female,87,4,50,96,6.56,High,Yes,Medium,Low
527,18,Male,82,2,63,53,8.38,High,No,High,Low
528,19,Male,97,3,55,46,8.27,High,No,Medium,Low
529,22,Male,48,1,87,92,8.97,Low,Yes,Medium,Low
530,22,Female,70,5,63,61,7.81,High,No,Low,Low
531,19,Female,47,2,65,46,8.38,Medium,No,Medium,Low
532,20,Female,43,3,47,42,6.57,Medium,No,Low,Low
533,22,Female,46,3,91,52,6.21,High,Yes,Medium,Low
534,20,Female,61,2,68,67,9.03,Low,No,Low,Low
535,22,Female,89,1,50,61,6.93,High,No,Medium,Low
536,21,Male,97,2,86,51,9.34,Low,No,Medium,Low
537,22,Female,43,4,72,47,7.99,High,No,Medium,Low
538,20,Female,44,5,64,53,7.8,Medium,Yes,Medium,Low
539,22,Male,64,4,63,48,5.52,Medium,No,Low,Low
540,20,Male,89,2,95,51,9.27,Medium,Yes,High,Low
541,21,Male,57,4,59,41,5.63,High,Yes,Low,Low
542,22,Female,48,5,78,89,8.63,High,No,High,Medium
543,18,Female,64,3,48,53,6.79,Low,No,Medium,Low
544,19,Female,53,5,72,43,5.74,Medium,Yes,Low,Low
545,21,Female,91,1,74,40,9.17,High,Yes,Low,Low
546,18,Female,87,4,50,96,6.56,High,Yes,Medium,Low
547,18,Male,82,2,63,53,8.38,High,No,High,Low
548,19,Male,97,3,55,46,8.27,High,No,Medium,Low
549,22,Male,48,1,87,92,8.97,Low,Yes,Medium,Low
550,22,Female,70,5,63,61,7.81,High,No,Low,Low
551,19,Female,47,2,65,46,8.38,Medium,No,Medium,Low
552,20,Female,43,3,47,42,6.57,Medium,No,Low,Low
553,22,Female,46,3,91,52,6.21,High,Yes,Medium,Low
554,20,Female,61,2,68,67,9.03,Low,No,Low,Low
555,22,Female,89,1,50,61,6.93,High,No,Medium,Low
556,21,Male,97,2,86,51,9.34,Low,No,Medium,Low
557,22,Female,43,4,72,47,7.99,High,No,Medium,Low
558,20,Female,44,5,64,53,7.8,Medium,Yes,Medium,Low
559,22,Male,64,4,63,48,5.52,Medium,No,Low,Low
560,20,Male,89,2,95,51,9.27,Medium,Yes,High,Low
561,21,Male,57,4,59,41,5.63,High,Yes,Low,Low
562,22,Female,48,5,78,89,8.63,High,No,High,Medium
563,18,Female,64,3,48,53,6.79,Low,No,Medium,Low
564,19,Female,53,5,72,43,5.74,Medium,Yes,Low,Low
565,21,Female,91,1,74,40,9.17,High,Yes,Low,Low
566,18,Female,87,4,50,96,6.56,High,Yes,Medium,Low
567,18,Male,82,2,63,53,8.38,High,No,High,Low
568,19,Male,97,3,55,46,8.27,High,No,Medium,Low
569,22,Male,48,1,87,92,8.97,Low,Yes,Medium,Low
570,22,Female,70,5,63,61,7.81,High,No,Low,Low
571,19,Female,47,2,65,46,8.38,Medium,No,Medium,Low
572,20,Female,43,3,47,42,6.57,Medium,No,Low,Low
573,22,Female,46,3,91,52,6.21,High,Yes,Medium,Low
574,20,Female,61,2,68,67,9.03,Low,No,Low,Low
575,22,Female,89,1,50,61,6.93,High,No,Medium,Low
576,21,Male,97,2,86,51,9.34,Low,No,Medium,Low
577,22,Female,43,4,72,47,7.99,High,No,Medium,Low
578,20,Female,44,5,64,53,7.8,Medium,Yes,Medium,Low
579,22,Male,64,4,63,48,5.52,Medium,No,Low,Low
580,20,Male,89,2,95,51,9.27,Medium,Yes,High,Low
581,21,Male,57,4,59,41,5.63,High,Yes,Low,Low
582,22,Female,48,5,78,89,8.63,High,No,High,Medium
583,18,Female,64,3,48,53,6.79,Low,No,Medium,Low
584,19,Female,53,5,72,43,5.74,Medium,Yes,Low,Low
585,21,Female,91,1,74,40,9.17,High,Yes,Low,Low
586,18,Female,87,4,50,96,6.56,High,Yes,Medium,Low
587,18,Male,82,2,63,53,8.38,High,No,High,Low
588,19,Male,97,3,55,46,8.27,High,No,Medium,Low
589,22,Male,48,1,87,92,8.97,Low,Yes,Medium,Low
590,22,Female,70,5,63,61,7.81,High,No,Low,Low
591,19,Female,47,2,65,46,8.38,Medium,No,Medium,Low
592,20,Female,43,3,47,42,6.57,Medium,No,Low,Low
593,22,Female,46,3,91,52,6.21,High,Yes,Medium,Low
594,20,Female,61,2,68,67,9.03,Low,No,Low,Low
595,22,Female,89,1,50,61,6.93,High,No,Medium,Low
596,21,Male,97,2,86,51,9.34,Low,No,Medium,Low
597,22,Female,43,4,72,47,7.99,High,No,Medium,Low
598,20,Female,44,5,64,53,7.8,Medium,Yes,Medium,Low
599,22,Male,64,4,63,48,5.52,Medium,No,Low,Low
600,20,Male,89,2,95,51,9.27,Medium,Yes,High,Low
601,21,Male,57,4,59,41,5.63,High,Yes,Low,Low
602,22,Female,48,5,78,89,8.63,High,No,High,Medium
603,18,Female,64,3,48,53,6.79,Low,No,Medium,Low
604,19,Female,53,5,72,43,5.74,Medium,Yes,Low,Low
605,21,Female,91,1,74,40,9.17,High,Yes,Low,Low
606,18,Female,87,4,50,96,6.56,High,Yes,Medium,Low
607,18,Male,82,2,63,53,8.38,High,No,High,Low
608,19,Male,97,3,55,46,8.27,High,No,Medium,Low
609,22,Male,48,1,87,92,8.97,Low,Yes,Medium,Low
610,22,Female,70,5,63,61,7.81,High,No,Low,Low
611,19,Female,47,2,65,46,8.38,Medium,No,Medium,Low
612,20,Female,43,3,47,42,6.57,Medium,No,Low,Low
613,22,Female,46,3,91,52,6.21,High,Yes,Medium,Low
614,20,Female,61,2,68,67,9.03,Low,No,Low,Low
615,22,Female,89,1,50,61,6.93,High,No,Medium,Low
616,21,Male,97,2,86,51,9.34,Low,No,Medium,Low
617,22,Female,43,4,72,47,7.99,High,No,Medium,Low
618,20,Female,44,5,64,53,7.8,Medium,Yes,Medium,Low
619,22,Male,64,4,63,48,5.52,Medium,No,Low,Low
620,20,Male,89,2,95,51,9.27,Medium,Yes,High,Low
621,21,Male,57,4,59,41,5.63,High,Yes,Low,Low
622,22,Female,48,5,78,89,8.63,High,No,High,Medium
623,18,Female,64,3,48,53,6.79,Low,No,Medium,Low
624,19,Female,53,5,72,43,5.74,Medium,Yes,Low,Low
625,21,Female,91,1,74,40,9.17,High,Yes,Low,Low
626,18,Female,87,4,50,96,6.56,High,Yes,Medium,Low
627,18,Male,82,2,63,53,8.38,High,No,High,Low
628,19,Male,97,3,55,46,8.27,High,No,Medium,Low
629,22,Male,48,1,87,92,8.97,Low,Yes,Medium,Low
630,22,Female,70,5,63,61,7.81,High,No,Low,Low
631,19,Female,47,2,65,46,8.38,Medium,No,Medium,Low
632,20,Female,43,3,47,42,6.57,Medium,No,Low,Low
633,22,Female,46,3,91,52,6.21,High,Yes,Medium,Low
634,20,Female,61,2,68,67,9.03,Low,No,Low,Low
635,22,Female,89,1,50,61,6.93,High,No,Medium,Low
636,21,Male,97,2,86,51,9.34,Low,No,Medium,Low
637,22,Female,43,4,72,47,7.99,High,No,Medium,Low
638,20,Female,44,5,64,53,7.8,Medium,Yes,Medium,Low
639,22,Male,64,4,63,48,5.52,Medium,No,Low,Low
640,20,Male,89,2,95,51,9.27,Medium,Yes,High,Low
641,21,Male,57,4,59,41,5.63,High,Yes,Low,Low
642,22,Female,48,5,78,89,8.63,High,No,High,Medium
643,18,Female,64,3,48,53,6.79,Low,No,Medium,Low
644,19,Female,53,5,72,43,5.74,Medium,Yes,Low,Low
645,21,Female,91,1,74,40,9.17,High,Yes,Low,Low
646,18,Female,87,4,50,96,6.56,High,Yes,Medium,Low
647,18,Male,82,2,63,53,8.38,High,No,High,Low
648,19,Male,97,3,55,46,8.27,High,No,Medium,Low
649,22,Male,48,1,87,92,8.97,Low,Yes,Medium,Low
650,22,Female,70,5,63,61,7.81,High,No,Low,Low
651,19,Female,47,2,65,46,8.38,Medium,No,Medium,Low
652,20,Female,43,3,47,42,6.57,Medium,No,Low,Low
653,22,Female,46,3,91,52,6.21,High,Yes,Medium,Low
654,20,Female,61,2,68,67,9.03,Low,No,Low,Low
655,22,Female,89,1,50,61,6.93,High,No,Medium,Low
656,21,Male,97,2,86,51,9.34,Low,No,Medium,Low
657,22,Female,43,4,72,47,7.99,High,No,Medium,Low
658,20,Female,44,5,64,53,7.8,Medium,Yes,Medium,Low
659,22,Male,64,4,63,48,5.52,Medium,No,Low,Low
660,20,Male,89,2,95,51,9.27,Medium,Yes,High,Low
661,21,Male,57,4,59,41,5.63,High,Yes,Low,Low
662,22,Female,48,5,78,89,8.63,High,No,High,Medium
663,18,Female,64,3,48,53,6.79,Low,No,Medium,Low
664,19,Female,53,5,72,43,5.74,Medium,Yes,Low,Low
665,21,Female,91,1,74,40,9.17,High,Yes,Low,Low
666,18,Female,87,4,50,96,6.56,High,Yes,Medium,Low
667,18,Male,82,2,63,53,8.38,High,No,High,Low
668,19,Male,97,3,55,46,8.27,High,No,Medium,Low
669,22,Male,48,1,87,92,8.97,Low,Yes,Medium,Low
670,22,Female,70,5,63,61,7.81,High,No,Low,Low
671,19,Female,47,2,65,46,8.38,Medium,No,Medium,Low
672,20,Female,43,3,47,42,6.57,Medium,No,Low,Low
673,22,Female,46,3,91,52,6.21,High,Yes,Medium,Low
674,20,Female,61,2,68,67,9.03,Low,No,Low,Low
675,22,Female,89,1,50,61,6.93,High,No,Medium,Low
676,21,Male,97,2,86,51,9.34,Low,No,Medium,Low
677,22,Female,43,4,72,47,7.99,High,No,Medium,Low
678,20,Female,44,5,64,53,7.8,Medium,Yes,Medium,Low
679,22,Male,64,4,63,48,5.52,Medium,No,Low,Low
680,20,Male,89,2,95,51,9.27,Medium,Yes,High,Low
681,21,Male,57,4,59,41,5.63,High,Yes,Low,Low
682,22,Female,48,5,78,89,8.63,High,No,High,Medium
683,18,Female,64,3,48,53,6.79,Low,No,Medium,Low
684,19,Female,53,5,72,43,5.74,Medium,Yes,Low,Low
685,21,Female,91,1,74,40,9.17,High,Yes,Low,Low
686,18,Female,87,4,50,96,6.56,High,Yes,Medium,Low
687,18,Male,82,2,63,53,8.38,High,No,High,Low
688,19,Male,97,3,55,46,8.27,High,No,Medium,Low
689,22,Male,48,1,87,92,8.97,Low,Yes,Medium,Low
690,22,Female,70,5,63,61,7.81,High,No,Low,Low
691,19,Female,47,2,65,46,8.38,Medium,No,Medium,Low
692,20,Female,43,3,47,42,6.57,Medium,No,Low,Low
693,22,Female,46,3,91,52,6.21,High,Yes,Medium,Low
694,20,Female,61,2,68,67,9.03,Low,No,Low,Low
695,22,Female,89,1,50,61,6.93,High,No,Medium,Low
696,21,Male,97,2,86,51,9.34,Low,No,Medium,Low
697,22,Female,43,4,72,47,7.99,High,No,Medium,Low
698,20,Female,44,5,64,53,7.8,Medium,Yes,Medium,Low
699,22,Male,64,4,63,48,5.52,Medium,No,Low,Low
700,20,Male,89,2,95,51,9.27,Medium,Yes,High,Low
701,21,Male,57,4,59,41,5.63,High,Yes,Low,Low
702,22,Female,48,5,78,89,8.63,High,No,High,Medium
703,18,Female,64,3,48,53,6.79,Low,No,Medium,Low
704,19,Female,53,5,72,43,5.74,Medium,Yes,Low,Low
705,21,Female,91,1,74,40,9.17,High,Yes,Low,Low
706,18,Female,87,4,50,96,6.56,High,Yes,Medium,Low
707,18,Male,82,2,63,53,8.38,High,No,High,Low
708,19,Male,97,3,55,46,8.27,High,No,Medium,Low
709,22,Male,48,1,87,92,8.97,Low,Yes,Medium,Low
710,22,Female,70,5,63,61,7.81,High,No,Low,Low
711,19,Female,47,2,65,46,8.38,Medium,No,Medium,Low
712,20,Female,43,3,47,42,6.57,Medium,No,Low,Low
713,22,Female,46,3,91,52,6.21,High,Yes,Medium,Low
714,20,Female,61,2,68,67,9.03,Low,No,Low,Low
715,22,Female,89,1,50,61,6.93,High,No,Medium,Low
716,21,Male,97,2,86,51,9.34,Low,No,Medium,Low
717,22,Female,43,4,72,47,7.99,High,No,Medium,Low
718,20,Female,44,5,64,53,7.8,Medium,Yes,Medium,Low
719,22,Male,64,4,63,48,5.52,Medium,No,Low,Low
720,20,Male,89,2,95,51,9.27,Medium,Yes,High,Low
721,21,Male,57,4,59,41,5.63,High,Yes,Low,Low
722,22,Female,48,5,78,89,8.63,High,No,High,Medium
723,18,Female,64,3,48,53,6.79,Low,No,Medium,Low
724,19,Female,53,5,72,43,5.74,Medium,Yes,Low,Low
725,21,Female,91,1,74,40,9.17,High,Yes,Low,Low
726,18,Female,87,4,50,96,6.56,High,Yes,Medium,Low
727,18,Male,82,2,63,53,8.38,High,No,High,Low
728,19,Male,97,3,55,46,8.27,High,No,Medium,Low
729,22,Male,48,1,87,92,8.97,Low,Yes,Medium,Low
730,22,Female,70,5,63,61,7.81,High,No,Low,Low
731,19,Female,47,2,65,46,8.38,Medium,No,Medium,Low
732,20,Female,43,3,47,42,6.57,Medium,No,Low,Low
733,22,Female,46,3,91,52,6.21,High,Yes,Medium,Low
734,20,Female,61,2,68,67,9.03,Low,No,Low,Low
735,22,Female,89,1,50,61,6.93,High,No,Medium,Low
736,21,Male,97,2,86,51,9.34,Low,No,Medium,Low
737,22,Female,43,4,72,47,7.99,High,No,Medium,Low
738,20,Female,44,5,64,53,7.8,Medium,Yes,Medium,Low
739,22,Male,64,4,63,48,5.52,Medium,No,Low,Low
740,20,Male,89,2,95,51,9.27,Medium,Yes,High,Low
741,21,Male,57,4,59,41,5.63,High,Yes,Low,Low
742,22,Female,48,5,78,89,8.63,High,No,High,Medium
743,18,Female,64,3,48,53,6.79,Low,No,Medium,Low
744,19,Female,53,5,72,43,5.74,Medium,Yes,Low,Low
745,21,Female,91,1,74,40,9.17,High,Yes,Low,Low
746,18,Female,87,4,50,96,6.56,High,Yes,Medium,Low
747,18,Male,82,2,63,53,8.38,High,No,High,Low
748,19,Male,97,3,55,46,8.27,High,No,Medium,Low
749,22,Male,48,1,87,92,8.97,Low,Yes,Medium,Low
750,22,Female,70,5,63,61,7.81,High,No,Low,Low
751,19,Female,47,2,65,46,8.38,Medium,No,Medium,Low
752,20,Female,43,3,47,42,6.57,Medium,No,Low,Low
753,22,Female,46,3,91,52,6.21,High,Yes,Medium,Low
754,20,Female,61,2,68,67,9.03,Low,No,Low,Low
755,22,Female,89,1,50,61,6.93,High,No,Medium,Low
756,21,Male,97,2,86,51,9.34,Low,No,Medium,Low
757,22,Female,43,4,72,47,7.99,High,No,Medium,Low
758,20,Female,44,5,64,53,7.8,Medium,Yes,Medium,Low
759,22,Male,64,4,63,48,5.52,Medium,No,Low,Low
760,20,Male,89,2,95,51,9.27,Medium,Yes,High,Low
761,21,Male,57,4,59,41,5.63,High,Yes,Low,Low
762,22,Female,48,5,78,89,8.63,High,No,High,Medium
763,18,Female,64,3,48,53,6.79,Low,No,Medium,Low
764,19,Female,53,5,72,43,5.74,Medium,Yes,Low,Low
765,21,Female,91,1,74,40,9.17,High,Yes,Low,Low
766,18,Female,87,4,50,96,6.56,High,Yes,Medium,Low
767,18,Male,82,2,63,53,8.38,High,No,High,Low
768,19,Male,97,3,55,46,8.27,High,No,Medium,Low
769,22,Male,48,1,87,92,8.97,Low,Yes,Medium,Low
770,22,Female,70,5,63,61,7.81,High,No,Low,Low
771,19,Female,47,2,65,46,8.38,Medium,No,Medium,Low
772,20,Female,43,3,47,42,6.57,Medium,No,Low,Low
773,22,Female,46,3,91,52,6.21,High,Yes,Medium,Low
774,20,Female,61,2,68,67,9.03,Low,No,Low,Low
775,22,Female,89,1,50,61,6.93,High,No,Medium,Low
776,21,Male,97,2,86,51,9.34,Low,No,Medium,Low
777,22,Female,43,4,72,47,7.99,High,No,Medium,Low
778,20,Female,44,5,64,53,7.8,Medium,Yes,Medium,Low
779,22,Male,64,4,63,48,5.52,Medium,No,Low,Low
780,20,Male,89,2,95,51,9.27,Medium,Yes,High,Low
781,21,Male,57,4,59,41,5.63,High,Yes,Low,Low
782,22,Female,48,5,78,89,8.63,High,No,High,Medium
783,18,Female,64,3,48,53,6.79,Low,No,Medium,Low
784,19,Female,53,5,72,43,5.74,Medium,Yes,Low,Low
785,21,Female,91,1,74,40,9.17,High,Yes,Low,Low
786,18,Female,87,4,50,96,6.56,High,Yes,Medium,Low
787,18,Male,82,2,63,53,8.38,High,No,High,Low
788,19,Male,97,3,55,46,8.27,High,No,Medium,Low
789,22,Male,48,1,87,92,8.97,Low,Yes,Medium,Low
790,22,Female,70,5,63,61,7.81,High,No,Low,Low
791,19,Female,47,2,65,46,8.38,Medium,No,Medium,Low
792,20,Female,43,3,47,42,6.57,Medium,No,Low,Low
793,22,Female,46,3,91,52,6.21,High,Yes,Medium,Low
794,20,Female,61,2,68,67,9.03,Low,No,Low,Low
795,22,Female,89,1,50,61,6.93,High,No,Medium,Low
796,21,Male,97,2,86,51,9.34,Low,No,Medium,Low
797,22,Female,43,4,72,47,7.99,High,No,Medium,Low
798,20,Female,44,5,64,53,7.8,Medium,Yes,Medium,Low
799,22,Male,64,4,63,48,5.52,Medium,No,Low,Low
800,20,Male,89,2,95,51,9.27,Medium,Yes,High,Low
801,21,Male,57,4,59,41,5.63,High,Yes,Low,Low
802,22,Female,48,5,78,89,8.63,High,No,High,Medium
803,18,Female,64,3,48,53,6.79,Low,No,Medium,Low
804,19,Female,53,5,72,43,5.74,Medium,Yes,Low,Low
805,21,Female,91,1,74,40,9.17,High,Yes,Low,Low
806,18,Female,87,4,50,96,6.56,High,Yes,Medium,Low
807,18,Male,82,2,63,53,8.38,High,No,High,Low
808,19,Male,97,3,55,46,8.27,High,No,Medium,Low
809,22,Male,48,1,87,92,8.97,Low,Yes,Medium,Low
810,22,Female,70,5,63,61,7.81,High,No,Low,Low
811,19,Female,47,2,65,46,8.38,Medium,No,Medium,Low
812,20,Female,43,3,47,42,6.57,Medium,No,Low,Low
813,22,Female,46,3,91,52,6.21,High,Yes,Medium,Low
814,20,Female,61,2,68,67,9.03,Low,No,Low,Low
815,22,Female,89,1,50,61,6.93,High,No,Medium,Low
816,21,Male,97,2,86,51,9.34,Low,No,Medium,Low
817,22,Female,43,4,72,47,7.99,High,No,Medium,Low
818,20,Female,44,5,64,53,7.8,Medium,Yes,Medium,Low
819,22,Male,64,4,63,48,5.52,Medium,No,Low,Low
820,20,Male,89,2,95,51,9.27,Medium,Yes,High,Low
821,21,Male,57,4,59,41,5.63,High,Yes,Low,Low
822,22,Female,48,5,78,89,8.63,High,No,High,Medium
823,18,Female,64,3,48,53,6.79,Low,No,Medium,Low
824,19,Female,53,5,72,43,5.74,Medium,Yes,Low,Low
825,21,Female,91,1,74,40,9.17,High,Yes,Low,Low
826,18,Female,87,4,50,96,6.56,High,Yes,Medium,Low
827,18,Male,82,2,63,53,8.38,High,No,High,Low
828,19,Male,97,3,55,46,8.27,High,No,Medium,Low
829,22,Male,48,1,87,92,8.97,Low,Yes,Medium,Low
830,22,Female,70,5,63,61,7.81,High,No,Low,Low
831,19,Female,47,2,65,46,8.38,Medium,No,Medium,Low
832,20,Female,43,3,47,42,6.57,Medium,No,Low,Low
833,22,Female,46,3,91,52,6.21,High,Yes,Medium,Low
834,20,Female,61,2,68,67,9.03,Low,No,Low,Low
835,22,Female,89,1,50,61,6.93,High,No,Medium,Low
836,21,Male,97,2,86,51,9.34,Low,No,Medium,Low
837,22,Female,43,4,72,47,7.99,High,No,Medium,Low
838,20,Female,44,5,64,53,7.8,Medium,Yes,Medium,Low
839,22,Male,64,4,63,48,5.52,Medium,No,Low,Low
840,20,Male,89,2,95,51,9.27,Medium,Yes,High,Low
841,21,Male,57,4,59,41,5.63,High,Yes,Low,Low
842,22,Female,48,5,78,89,8.63,High,No,High,Medium
843,18,Female,64,3,48,53,6.79,Low,No,Medium,Low
844,19,Female,53,5,72,43,5.74,Medium,Yes,Low,Low
845,21,Female,91,1,74,40,9.17,High,Yes,Low,Low
846,18,Female,87,4,50,96,6.56,High,Yes,Medium,Low
847,18,Male,82,2,63,53,8.38,High,No,High,Low
848,19,Male,97,3,55,46,8.27,High,No,Medium,Low
849,22,Male,48,1,87,92,8.97,Low,Yes,Medium,Low
850,22,Female,70,5,63,61,7.81,High,No,Low,Low
851,19,Female,47,2,65,46,8.38,Medium,No,Medium,Low
852,20,Female,43,3,47,42,6.57,Medium,No,Low,Low
853,22,Female,46,3,91,52,6.21,High,Yes,Medium,Low
854,20,Female,61,2,68,67,9.03,Low,No,Low,Low
855,22,Female,89,1,50,61,6.93,High,No,Medium,Low
856,21,Male,97,2,86,51,9.34,Low,No,Medium,Low
857,22,Female,43,4,72,47,7.99,High,No,Medium,Low
858,20,Female,44,5,64,53,7.8,Medium,Yes,Medium,Low
859,22,Male,64,4,63,48,5.52,Medium,No,Low,Low
860,20,Male,89,2,95,51,9.27,Medium,Yes,High,Low
861,21,Male,57,4,59,41,5.63,High,Yes,Low,Low
862,22,Female,48,5,78,89,8.63,High,No,High,Medium
863,18,Female,64,3,48,53,6.79,Low,No,Medium,Low
864,19,Female,53,5,72,43,5.74,Medium,Yes,Low,Low
865,21,Female,91,1,74,40,9.17,High,Yes,Low,Low
866,18,Female,87,4,50,96,6.56,High,Yes,Medium,Low
867,18,Male,82,2,63,53,8.38,High,No,High,Low
868,19,Male,97,3,55,46,8.27,High,No,Medium,Low
869,22,Male,48,1,87,92,8.97,Low,Yes,Medium,Low
870,22,Female,70,5,63,61,7.81,High,No,Low,Low
871,19,Female,47,2,65,46,8.38,Medium,No,Medium,Low
872,20,Female,43,3,47,42,6.57,Medium,No,Low,Low
873,22,Female,46,3,91,52,6.21,High,Yes,Medium,Low
874,20,Female,61,2,68,67,9.03,Low,No,Low,Low
875,22,Female,89,1,50,61,6.93,High,No,Medium,Low
876,21,Male,97,2,86,51,9.34,Low,No,Medium,Low
877,22,Female,43,4,72,47,7.99,High,No,Medium,Low
878,20,Female,44,5,64,53,7.8,Medium,Yes,Medium,Low
879,22,Male,64,4,63,48,5.52,Medium,No,Low,Low
880,20,Male,89,2,95,51,9.27,Medium,Yes,High,Low
881,21,Male,57,4,59,41,5.63,High,Yes,Low,Low
882,22,Female,48,5,78,89,8.63,High,No,High,Medium
883,18,Female,64,3,48,53,6.79,Low,No,Medium,Low
884,19,Female,53,5,72,43,5.74,Medium,Yes,Low,Low
885,21,Female,91,1,74,40,9.17,High,Yes,Low,Low
886,18,Female,87,4,50,96,6.56,High,Yes,Medium,Low
887,18,Male,82,2,63,53,8.38,High,No,High,Low
888,19,Male,97,3,55,46,8.27,High,No,Medium,Low
889,22,Male,48,1,87,92,8.97,Low,Yes,Medium,Low
890,22,Female,70,5,63,61,7.81,High,No,Low,Low
891,19,Female,47,2,65,46,8.38,Medium,No,Medium,Low
892,20,Female,43,3,47,42,6.57,Medium,No,Low,Low
893,22,Female,46,3,91,52,6.21,High,Yes,Medium,Low
894,20,Female,61,2,68,67,9.03,Low,No,Low,Low
895,22,Female,89,1,50,61,6.93,High,No,Medium,Low
896,21,Male,97,2,86,51,9.34,Low,No,Medium,Low
897,22,Female,43,4,72,47,7.99,High,No,Medium,Low
898,20,Female,44,5,64,53,7.8,Medium,Yes,Medium,Low
899,22,Male,64,4,63,48,5.52,Medium,No,Low,Low
900,20,Male,89,2,95,51,9.27,Medium,Yes,High,Low
901,21,Male,57,4,59,41,5.63,High,Yes,Low,Low
902,22,Female,48,5,78,89,8.63,High,No,High,Medium
903,18,Female,64,3,48,53,6.79,Low,No,Medium,Low
904,19,Female,53,5,72,43,5.74,Medium,Yes,Low,Low
905,21,Female,91,1,74,40,9.17,High,Yes,Low,Low
906,18,Female,87,4,50,96,6.56,High,Yes,Medium,Low
907,18,Male,82,2,63,53,8.38,High,No,High,Low
908,19,Male,97,3,55,46,8.27,High,No,Medium,Low
909,22,Male,48,1,87,92,8.97,Low,Yes,Medium,Low
910,22,Female,70,5,63,61,7.81,High,No,Low,Low
911,19,Female,47,2,65,46,8.38,Medium,No,Medium,Low
912,20,Female,43,3,47,42,6.57,Medium,No,Low,Low
913,22,Female,46,3,91,52,6.21,High,Yes,Medium,Low
914,20,Female,61,2,68,67,9.03,Low,No,Low,Low
915,22,Female,89,1,50,61,6.93,High,No,Medium,Low
916,21,Male,97,2,86,51,9.34,Low,No,Medium,Low
917,22,Female,43,4,72,47,7.99,High,No,Medium,Low
918,20,Female,44,5,64,53,7.8,Medium,Yes,Medium,Low
919,22,Male,64,4,63,48,5.52,Medium,No,Low,Low
920,20,Male,89,2,95,51,9.27,Medium,Yes,High,Low
921,21,Male,57,4,59,41,5.63,High,Yes,Low,Low
922,22,Female,48,5,78,89,8.63,High,No,High,Medium
923,18,Female,64,3,48,53,6.79,Low,No,Medium,Low
924,19,Female,53,5,72,43,5.74,Medium,Yes,Low,Low
925,21,Female,91,1,74,40,9.17,High,Yes,Low,Low
926,18,Female,87,4,50,96,6.56,High,Yes,Medium,Low
927,18,Male,82,2,63,53,8.38,High,No,High,Low
928,19,Male,97,3,55,46,8.27,High,No,Medium,Low
929,22,Male,48,1,87,92,8.97,Low,Yes,Medium,Low
930,22,Female,70,5,63,61,7.81,High,No,Low,Low
931,19,Female,47,2,65,46,8.38,Medium,No,Medium,Low
932,20,Female,43,3,47,42,6.57,Medium,No,Low,Low
933,22,Female,46,3,91,52,6.21,High,Yes,Medium,Low
934,20,Female,61,2,68,67,9.03,Low,No,Low,Low
935,22,Female,89,1,50,61,6.93,High,No,Medium,Low
936,21,Male,97,2,86,51,9.34,Low,No,Medium,Low
937,22,Female,43,4,72,47,7.99,High,No,Medium,Low
938,20,Female,44,5,64,53,7.8,Medium,Yes,Medium,Low
939,22,Male,64,4,63,48,5.52,Medium,No,Low,Low
940,20,Male,89,2,95,51,9.27,Medium,Yes,High,Low
941,21,Male,57,4,59,41,5.63,High,Yes,Low,Low
942,22,Female,48,5,78,89,8.63,High,No,High,Medium
943,18,Female,64,3,48,53,6.79,Low,No,Medium,Low
944,19,Female,53,5,72,43,5.74,Medium,Yes,Low,Low
945,21,Female,91,1,74,40,9.17,High,Yes,Low,Low
946,18,Female,87,4,50,96,6.56,High,Yes,Medium,Low
947,18,Male,82,2,63,53,8.38,High,No,High,Low
948,19,Male,97,3,55,46,8.27,High,No,Medium,Low
949,22,Male,48,1,87,92,8.97,Low,Yes,Medium,Low
950,22,Female,70,5,63,61,7.81,High,No,Low,Low
951,19,Female,47,2,65,46,8.38,Medium,No,Medium,Low
952,20,Female,43,3,47,42,6.57,Medium,No,Low,Low
953,22,Female,46,3,91,52,6.21,High,Yes,Medium,Low
954,20,Female,61,2,68,67,9.03,Low,No,Low,Low
955,22,Female,89,1,50,61,6.93,High,No,Medium,Low
956,21,Male,97,2,86,51,9.34,Low,No,Medium,Low
957,22,Female,43,4,72,47,7.99,High,No,Medium,Low
958,20,Female,44,5,64,53,7.8,Medium,Yes,Medium,Low
959,22,Male,64,4,63,48,5.52,Medium,No,Low,Low
960,20,Male,89,2,95,51,9.27,Medium,Yes,High,Low
961,21,Male,57,4,59,41,5.63,High,Yes,Low,Low
962,22,Female,48,5,78,89,8.63,High,No,High,Medium
963,18,Female,64,3,48,53,6.79,Low,No,Medium,Low
964,19,Female,53,5,72,43,5.74,Medium,Yes,Low,Low
965,21,Female,91,1,74,40,9.17,High,Yes,Low,Low
966,18,Female,87,4,50,96,6.56,High,Yes,Medium,Low
967,18,Male,82,2,63,53,8.38,High,No,High,Low
968,19,Male,97,3,55,46,8.27,High,No,Medium,Low
969,22,Male,48,1,87,92,8.97,Low,Yes,Medium,Low
970,22,Female,70,5,63,61,7.81,High,No,Low,Low
971,19,Female,47,2,65,46,8.38,Medium,No,Medium,Low
972,20,Female,43,3,47,42,6.57,Medium,No,Low,Low
973,22,Female,46,3,91,52,6.21,High,Yes,Medium,Low
974,20,Female,61,2,68,67,9.03,Low,No,Low,Low
975,22,Female,89,1,50,61,6.93,High,No,Medium,Low
976,21,Male,97,2,86,51,9.34,Low,No,Medium,Low
977,22,Female,43,4,72,47,7.99,High,No,Medium,Low
978,20,Female,44,5,64,53,7.8,Medium,Yes,Medium,Low
979,22,Male,64,4,63,48,5.52,Medium,No,Low,Low
980,20,Male,89,2,95,51,9.27,Medium,Yes,High,Low
981,21,Male,57,4,59,41,5.63,High,Yes,Low,Low
982,22,Female,48,5,78,89,8.63,High,No,High,Medium
983,18,Female,64,3,48,53,6.79,Low,No,Medium,Low
984,19,Female,53,5,72,43,5.74,Medium,Yes,Low,Low
985,21,Female,91,1,74,40,9.17,High,Yes,Low,Low
986,18,Female,87,4,50,96,6.56,High,Yes,Medium,Low
987,18,Male,82,2,63,53,8.38,High,No,High,Low
988,19,Male,97,3,55,46,8.27,High,No,Medium,Low
989,22,Male,48,1,87,92,8.97,Low,Yes,Medium,Low
990,22,Female,70,5,63,61,7.81,High,No,Low,Low
991,19,Female,47,2,65,46,8.38,Medium,No,Medium,Low
992,20,Female,43,3,47,42,6.57,Medium,No,Low,Low
993,22,Female,46,3,91,52,6.21,High,Yes,Medium,Low
994,20,Female,61,2,68,67,9.03,Low,No,Low,Low
995,22,Female,89,1,50,61,6.93,High,No,Medium,Low
996,21,Male,97,2,86,51,9.34,Low,No,Medium,Low
997,22,Female,43,4,72,47,7.99,High,No,Medium,Low
998,20,Female,44,5,64,53,7.8,Medium,Yes,Medium,Low
999,22,Male,64,4,63,48,5.52,Medium,No,Low,Low
1000,20,Male,89,2,95,51,9.27,Medium,Yes,High,Low
